Transaction ID,Date of Travel,Company,City,KM Travelled,Price Charged,Cost of Trip,Profit
10000034,31-01-16,Pink Cab,CHICAGO IL,23.2,396.73,278.4,118.33
10000035,01-02-16,Pink Cab,CHICAGO IL,4.48,55.27,51.52,3.75
10000036,02-02-16,Pink Cab,CHICAGO IL,37.76,541.76,407.808,133.952
10000037,03-02-16,Pink Cab,CHICAGO IL,14.56,191.33,171.808,19.522
10000038,04-02-16,Pink Cab,CHICAGO IL,39.55,540.93,454.825,86.105
10000039,05-02-16,Pink Cab,CHICAGO IL,6.66,95.55,68.598,26.952
10000040,06-02-16,Pink Cab,CHICAGO IL,37.05,447.12,381.615,65.505
10000041,07-02-16,Pink Cab,CHICAGO IL,35.02,598.43,406.232,192.198
10000042,08-02-16,Pink Cab,CHICAGO IL,9.09,129.2,98.172,31.028
10000043,09-02-16,Pink Cab,CHICAGO IL,41.2,628.02,482.04,145.98
10000044,10-02-16,Pink Cab,CHICAGO IL,24.2,330.99,266.2,64.79
10000045,11-02-16,Pink Cab,CHICAGO IL,3.24,48.04,33.696,14.344
10000046,12-02-16,Pink Cab,CHICAGO IL,7.91,114.86,94.129,20.731
10000047,13-02-16,Pink Cab,CHICAGO IL,24.75,345.15,294.525,50.625
10000048,14-02-16,Pink Cab,CHICAGO IL,14.04,223.6,140.4,83.2
10000049,15-02-16,Pink Cab,CHICAGO IL,27.82,451.22,303.238,147.982
10000050,16-02-16,Pink Cab,CHICAGO IL,10.2,165.77,116.28,49.49
10000051,17-02-16,Pink Cab,CHICAGO IL,33.25,441.39,335.825,105.565
10000052,18-02-16,Pink Cab,CHICAGO IL,38.42,556.38,441.83,114.55
10000053,19-02-16,Pink Cab,CHICAGO IL,19.08,337.71,194.616,143.094
10000054,20-02-16,Pink Cab,CHICAGO IL,21.34,311.9,217.668,94.232
10000055,21-02-16,Pink Cab,CHICAGO IL,16.95,249.42,200.01,49.41
10000056,22-02-16,Pink Cab,CHICAGO IL,31.68,458.78,316.8,141.98
10000057,23-02-16,Pink Cab,CHICAGO IL,13.2,191.16,149.16,42
10000058,24-02-16,Pink Cab,CHICAGO IL,15.21,218.23,155.142,63.088
10000059,25-02-16,Pink Cab,CHICAGO IL,30.9,439.2,339.9,99.3
10000060,26-02-16,Pink Cab,CHICAGO IL,35.34,500.22,395.808,104.412
10000061,27-02-16,Pink Cab,CHICAGO IL,40.12,581,461.38,119.62
10000062,28-02-16,Pink Cab,CHICAGO IL,7.49,113.79,74.9,38.89
10000063,29-02-16,Pink Cab,CHICAGO IL,28.34,387.61,334.412,53.198
10000064,01-03-16,Pink Cab,DALLAS TX,9.45,73.43,98.28,-24.85
10000065,02-03-16,Pink Cab,DALLAS TX,4.9,35.76,49.49,-13.73
10000066,03-03-16,Pink Cab,DALLAS TX,13.13,122.42,149.682,-27.262
10000067,04-03-16,Pink Cab,DALLAS TX,33.32,308.58,386.512,-77.932
10000068,05-03-16,Pink Cab,DALLAS TX,4.52,38.31,52.884,-14.574
10000069,06-03-16,Pink Cab,DALLAS TX,22.4,175.8,246.4,-70.6
10000070,07-03-16,Pink Cab,DENVER CO,7.02,61.3,82.836,-21.536
10000071,08-03-16,Pink Cab,DENVER CO,28.6,220.26,331.76,-111.5
10000072,09-03-16,Pink Cab,DENVER CO,3.84,34.98,45.312,-10.332
10000073,10-03-16,Pink Cab,DENVER CO,12.84,115.9,132.252,-16.352
10000074,11-03-16,Pink Cab,LOS ANGELES CA,46,997.84,542.8,455.04
10000075,12-03-16,Pink Cab,LOS ANGELES CA,36.04,666.08,410.856,255.224
10000076,13-03-16,Pink Cab,LOS ANGELES CA,31.92,685.42,344.736,340.684
10000077,14-03-16,Pink Cab,LOS ANGELES CA,25.76,570.08,301.392,268.688
10000078,15-03-16,Pink Cab,LOS ANGELES CA,4.75,92.04,55.1,36.94
10000079,16-03-16,Pink Cab,LOS ANGELES CA,17.85,383.29,205.275,178.015
10000080,17-03-16,Pink Cab,LOS ANGELES CA,29.29,591.55,339.764,251.786
10000081,18-03-16,Pink Cab,LOS ANGELES CA,23.52,443.65,256.368,187.282
10000082,19-03-16,Pink Cab,LOS ANGELES CA,10.8,205.77,119.88,85.89
10000083,20-03-16,Pink Cab,LOS ANGELES CA,9.6,168.28,112.32,55.96
10000084,21-03-16,Pink Cab,LOS ANGELES CA,45.63,1021.72,492.804,528.916
10000085,22-03-16,Pink Cab,LOS ANGELES CA,43.7,749.36,502.55,246.81
10000086,23-03-16,Pink Cab,LOS ANGELES CA,21.42,424.45,257.04,167.41
10000087,24-03-16,Pink Cab,LOS ANGELES CA,30.24,659.48,338.688,320.792
10000088,25-03-16,Pink Cab,LOS ANGELES CA,41.2,983.99,420.24,563.75
10000089,26-03-16,Pink Cab,LOS ANGELES CA,8.72,164.48,92.432,72.048
10000090,27-03-16,Pink Cab,LOS ANGELES CA,32.96,615.43,346.08,269.35
10000091,28-03-16,Pink Cab,LOS ANGELES CA,23,471.18,243.8,227.38
10000092,29-03-16,Pink Cab,LOS ANGELES CA,37.76,851.25,438.016,413.234
10000093,30-03-16,Pink Cab,LOS ANGELES CA,37.95,870.29,413.655,456.635
10000094,31-03-16,Pink Cab,LOS ANGELES CA,26.73,488.92,310.068,178.852
10000095,01-04-16,Pink Cab,LOS ANGELES CA,4.32,74.9,44.064,30.836
10000096,02-04-16,Pink Cab,LOS ANGELES CA,29.12,669.35,337.792,331.558
10000097,03-04-16,Pink Cab,LOS ANGELES CA,35.52,744.45,372.96,371.49
10000098,04-04-16,Pink Cab,LOS ANGELES CA,12.48,245.87,149.76,96.11
10000099,05-04-16,Pink Cab,LOS ANGELES CA,32.64,572.15,342.72,229.43
10000100,06-04-16,Pink Cab,LOS ANGELES CA,28.8,603.61,325.44,278.17
10000101,07-04-16,Pink Cab,LOS ANGELES CA,7.84,135.93,85.456,50.474
10000102,08-04-16,Pink Cab,LOS ANGELES CA,37.05,772.84,422.37,350.47
10000103,09-04-16,Pink Cab,LOS ANGELES CA,25.53,447.51,270.618,176.892
10000104,10-04-16,Pink Cab,LOS ANGELES CA,30,628.64,348,280.64
10000105,11-04-16,Pink Cab,LOS ANGELES CA,29.12,571.48,346.528,224.952
10000106,12-04-16,Pink Cab,LOS ANGELES CA,29.12,554.83,343.616,211.214
10000107,13-04-16,Pink Cab,LOS ANGELES CA,27.6,494.32,311.88,182.44
10000108,14-04-16,Pink Cab,LOS ANGELES CA,9.36,203.31,96.408,106.902
10000109,15-04-16,Pink Cab,LOS ANGELES CA,5.1,120.26,52.53,67.73
10000110,16-04-16,Pink Cab,LOS ANGELES CA,42.84,791.75,462.672,329.078
10000111,17-04-16,Pink Cab,LOS ANGELES CA,34.68,720.24,398.82,321.42
10000112,18-04-16,Pink Cab,LOS ANGELES CA,29.29,613.88,316.332,297.548
10000113,19-04-16,Pink Cab,LOS ANGELES CA,12.32,265.25,137.984,127.266
10000114,20-04-16,Pink Cab,LOS ANGELES CA,4.28,78.29,50.504,27.786
10000115,21-04-16,Pink Cab,LOS ANGELES CA,28.75,525.87,327.75,198.12
10000116,22-04-16,Pink Cab,LOS ANGELES CA,2.4,42.07,25.44,16.63
10000117,23-04-16,Pink Cab,LOS ANGELES CA,42.84,1022.59,436.968,585.622
10000118,24-04-16,Pink Cab,LOS ANGELES CA,9.04,180.85,107.576,73.274
10000119,25-04-16,Pink Cab,LOS ANGELES CA,22.31,463.5,243.179,220.321
10000120,26-04-16,Pink Cab,LOS ANGELES CA,32.01,591.6,323.301,268.299
10000121,27-04-16,Pink Cab,LOS ANGELES CA,10.2,211.83,110.16,101.67
10000122,28-04-16,Pink Cab,LOS ANGELES CA,22.8,438.76,269.04,169.72
10000123,29-04-16,Pink Cab,LOS ANGELES CA,28.42,590.23,312.62,277.61
10000124,30-04-16,Pink Cab,LOS ANGELES CA,37.1,803.58,408.1,395.48
10000125,01-05-16,Pink Cab,LOS ANGELES CA,36.3,859.7,388.41,471.29
10000126,02-05-16,Pink Cab,LOS ANGELES CA,24.15,446.33,280.14,166.19
10000127,03-05-16,Pink Cab,LOS ANGELES CA,38,850.87,425.6,425.27
10000128,04-05-16,Pink Cab,LOS ANGELES CA,14.17,253.79,150.202,103.588
10000129,05-05-16,Pink Cab,LOS ANGELES CA,13.92,270.53,167.04,103.49
10000130,06-05-16,Pink Cab,LOS ANGELES CA,33.28,678.48,369.408,309.072
10000131,07-05-16,Pink Cab,LOS ANGELES CA,12,251.46,122.4,129.06
10000132,08-05-16,Pink Cab,LOS ANGELES CA,8.73,163.01,92.538,70.472
10000133,09-05-16,Pink Cab,LOS ANGELES CA,27.84,482.7,297.888,184.812
10000134,10-05-16,Pink Cab,MIAMI FL,17.85,275.57,180.285,95.285
10000135,11-05-16,Pink Cab,MIAMI FL,6.42,105.42,64.842,40.578
10000136,12-05-16,Pink Cab,MIAMI FL,37.76,535.83,426.688,109.142
10000137,13-05-16,Pink Cab,NASHVILLE TN,36.36,550.39,418.14,132.25
10000138,14-05-16,Pink Cab,NASHVILLE TN,20.4,282.08,206.04,76.04
10000139,15-05-16,Pink Cab,NEW YORK NY,17.85,242.9,198.135,44.765
10000140,16-05-16,Pink Cab,NEW YORK NY,25.3,407.21,255.53,151.68
10000141,17-05-16,Pink Cab,NEW YORK NY,16.32,236.41,186.048,50.362
10000142,18-05-16,Pink Cab,NEW YORK NY,12.43,194.61,144.188,50.422
10000143,19-05-16,Pink Cab,NEW YORK NY,29.7,434.57,350.46,84.11
10000144,20-05-16,Pink Cab,NEW YORK NY,19,305.81,214.7,91.11
10000145,21-05-16,Pink Cab,NEW YORK NY,2.1,37.18,21.42,15.76
10000146,22-05-16,Pink Cab,NEW YORK NY,16.52,290.52,168.504,122.016
10000147,23-05-16,Pink Cab,NEW YORK NY,27.3,439.4,294.84,144.56
10000148,24-05-16,Pink Cab,NEW YORK NY,24.7,325.27,276.64,48.63
10000149,25-05-16,Pink Cab,NEW YORK NY,32.64,498.6,349.248,149.352
10000150,26-05-16,Pink Cab,NEW YORK NY,28.84,465.87,299.936,165.934
10000151,27-05-16,Pink Cab,NEW YORK NY,14.56,198.13,165.984,32.146
10000152,28-05-16,Pink Cab,NEW YORK NY,34.2,648.53,352.26,296.27
10000153,29-05-16,Pink Cab,NEW YORK NY,36.63,546.69,369.963,176.727
10000154,30-05-16,Pink Cab,NEW YORK NY,31.05,458.87,344.655,114.215
10000155,31-05-16,Pink Cab,NEW YORK NY,22.61,363.91,248.71,115.2
10000156,01-06-16,Pink Cab,NEW YORK NY,20.06,296.45,230.69,65.76
10000157,02-06-16,Pink Cab,ORANGE COUNTY,3.57,70.5,36.414,34.086
10000158,03-06-16,Pink Cab,ORANGE COUNTY,7.42,148.13,80.136,67.994
10000159,04-06-16,Pink Cab,ORANGE COUNTY,17.34,254.89,202.878,52.012
10000160,05-06-16,Pink Cab,ORANGE COUNTY,5.7,87.43,67.26,20.17
10000161,06-06-16,Pink Cab,ORANGE COUNTY,26.19,439.37,301.185,138.185
10000162,07-06-16,Pink Cab,ORANGE COUNTY,3.51,54.4,35.802,18.598
10000163,08-06-16,Pink Cab,PHOENIX AZ,4.44,71.57,48.84,22.73
10000164,09-06-16,Pink Cab,PHOENIX AZ,8.55,114.15,89.775,24.375
10000165,10-06-16,Pink Cab,PITTSBURGH PA,28.35,520.1,334.53,185.57
10000166,11-06-16,Pink Cab,PITTSBURGH PA,12.65,198.92,150.535,48.385
10000167,12-06-16,Pink Cab,SACRAMENTO CA,38.48,873.5,434.824,438.676
10000168,13-06-16,Pink Cab,SACRAMENTO CA,12.43,210.5,129.272,81.228
10000169,14-06-16,Pink Cab,SACRAMENTO CA,33.25,762.74,349.125,413.615
10000170,15-06-16,Pink Cab,SAN DIEGO CA,10.8,230.34,115.56,114.78
10000171,16-06-16,Pink Cab,SAN DIEGO CA,14.28,269.15,147.084,122.066
10000172,17-06-16,Pink Cab,SAN DIEGO CA,30.16,507.56,334.776,172.784
10000173,18-06-16,Pink Cab,SAN DIEGO CA,10.78,199.93,111.034,88.896
10000174,19-06-16,Pink Cab,SAN DIEGO CA,25.07,443.42,260.728,182.692
10000175,20-06-16,Pink Cab,SAN DIEGO CA,19.2,376.66,203.52,173.14
10000176,21-06-16,Pink Cab,SAN DIEGO CA,6.54,103.32,73.902,29.418
10000177,22-06-16,Pink Cab,SAN DIEGO CA,28.34,593.63,337.246,256.384
10000178,23-06-16,Pink Cab,SAN DIEGO CA,28.62,508.18,334.854,173.326
10000179,24-06-16,Pink Cab,SAN DIEGO CA,30.52,508.37,350.98,157.39
10000180,25-06-16,Pink Cab,SAN DIEGO CA,43.29,676.48,471.861,204.619
10000181,26-06-16,Pink Cab,SAN DIEGO CA,31.9,705.01,344.52,360.49
10000182,27-06-16,Pink Cab,SAN DIEGO CA,2.36,47.89,23.6,24.29
10000183,28-06-16,Pink Cab,SAN DIEGO CA,27,445.1,280.8,164.3
10000184,29-06-16,Pink Cab,SAN DIEGO CA,17.76,320.23,186.48,133.75
10000185,30-06-16,Pink Cab,SAN DIEGO CA,38.4,666.01,395.52,270.49
10000186,01-07-16,Pink Cab,SAN DIEGO CA,27.44,535.67,290.864,244.806
10000187,02-07-16,Pink Cab,SAN DIEGO CA,23.8,485.21,252.28,232.93
10000188,03-07-16,Pink Cab,SAN DIEGO CA,22.23,393.19,222.3,170.89
10000189,04-07-16,Pink Cab,SAN DIEGO CA,41.76,793.63,476.064,317.566
10000190,05-07-16,Pink Cab,SAN DIEGO CA,29.97,478.63,305.694,172.936
10000191,06-07-16,Pink Cab,SAN DIEGO CA,35,589.01,402.5,186.51
10000192,07-07-16,Pink Cab,SAN DIEGO CA,7,109.39,74.2,35.19
10000193,08-07-16,Pink Cab,SAN DIEGO CA,2.1,35.34,25.2,10.14
10000194,09-07-16,Pink Cab,SAN DIEGO CA,39.22,760.11,447.108,313.002
10000195,10-07-16,Pink Cab,SAN DIEGO CA,32.3,654.5,368.22,286.28
10000196,11-07-16,Pink Cab,SAN DIEGO CA,40.68,705.55,427.14,278.41
10000197,12-07-16,Pink Cab,SAN DIEGO CA,22.05,462.1,231.525,230.575
10000198,13-07-16,Pink Cab,SAN DIEGO CA,22,340.01,239.8,100.21
10000199,14-07-16,Pink Cab,SAN DIEGO CA,38.61,717.98,440.154,277.826
10000200,15-07-16,Pink Cab,SAN DIEGO CA,6.42,113.55,67.41,46.14
10000201,16-07-16,Pink Cab,SAN DIEGO CA,31.68,623.77,370.656,253.114
10000202,17-07-16,Pink Cab,SAN DIEGO CA,15.9,264.85,174.9,89.95
10000343,18-07-16,Pink Cab,SEATTLE WA,32.67,325.83,329.967,-4.137
10000344,19-07-16,Pink Cab,SEATTLE WA,31.36,361.61,323.008,38.602
10000345,20-07-16,Pink Cab,SEATTLE WA,20.4,259.48,234.6,24.88
10000346,21-07-16,Pink Cab,SEATTLE WA,38.76,367.05,453.492,-86.442
10000347,22-07-16,Pink Cab,SEATTLE WA,46,585.57,469.2,116.37
10000348,23-07-16,Pink Cab,SEATTLE WA,14.95,149.1,156.975,-7.875
10000349,24-07-16,Pink Cab,SEATTLE WA,7.21,90.93,72.1,18.83
10000350,25-07-16,Pink Cab,SEATTLE WA,2.16,22.2,25.272,-3.072
10000351,26-07-16,Pink Cab,SEATTLE WA,2.08,24.79,21.008,3.782
10000352,27-07-16,Pink Cab,SEATTLE WA,15.15,189.65,174.225,15.425
10000353,28-07-16,Pink Cab,SEATTLE WA,19.8,189.5,213.84,-24.34
10000354,29-07-16,Pink Cab,SEATTLE WA,23.04,208.9,264.96,-56.06
10000355,30-07-16,Pink Cab,SEATTLE WA,21.42,237.37,222.768,14.602
10000356,31-07-16,Pink Cab,SEATTLE WA,14.95,171.47,171.925,-0.455
10000357,01-08-16,Pink Cab,SEATTLE WA,20.52,259.13,244.188,14.942
10000358,02-08-16,Pink Cab,SILICON VALLEY,5,75.37,55.5,19.87
10000359,03-08-16,Pink Cab,SILICON VALLEY,23.28,380.81,256.08,124.73
10000360,04-08-16,Pink Cab,SILICON VALLEY,22.68,381.47,256.284,125.186
10000361,05-08-16,Pink Cab,SILICON VALLEY,21,424.34,237.3,187.04
10000362,06-08-16,Pink Cab,SILICON VALLEY,32.76,546.39,357.084,189.306
10000363,07-08-16,Pink Cab,SILICON VALLEY,25.25,429.24,262.6,166.64
10000364,08-08-16,Pink Cab,SILICON VALLEY,30.94,565.66,358.904,206.756
10000365,09-08-16,Pink Cab,SILICON VALLEY,9,167.18,90,77.18
10000366,10-08-16,Pink Cab,SILICON VALLEY,22.8,340.05,243.96,96.09
10000367,11-08-16,Pink Cab,SILICON VALLEY,20.23,334.17,240.737,93.433
10000368,12-08-16,Pink Cab,SILICON VALLEY,3.92,70.91,44.688,26.222
10000369,13-08-16,Pink Cab,SILICON VALLEY,39.78,685.93,477.36,208.57
10000370,14-08-16,Pink Cab,TUCSON AZ,5.4,94.49,58.32,36.17
10000371,15-08-16,Pink Cab,TUCSON AZ,5.8,99.57,58.58,40.99
10000372,16-08-16,Pink Cab,WASHINGTON DC,41.44,531.69,426.832,104.858
10000373,17-08-16,Pink Cab,WASHINGTON DC,3.6,38.1,43.2,-5.1
10000374,18-08-16,Pink Cab,WASHINGTON DC,8.96,108.88,102.144,6.736
10000375,19-08-16,Pink Cab,WASHINGTON DC,3.03,33.57,30.3,3.27
10000376,20-08-16,Pink Cab,WASHINGTON DC,29.68,396.71,323.512,73.198
10000377,21-08-16,Pink Cab,WASHINGTON DC,30.68,381.51,349.752,31.758
10000378,22-08-16,Pink Cab,WASHINGTON DC,29.75,295.6,348.075,-52.475
10000379,23-08-16,Pink Cab,WASHINGTON DC,20.58,241.78,226.38,15.4
10000380,24-08-16,Pink Cab,WASHINGTON DC,17.85,200.49,194.565,5.925
10000381,25-08-16,Pink Cab,WASHINGTON DC,17.92,212.89,204.288,8.602
10000382,26-08-16,Pink Cab,WASHINGTON DC,43.29,444.16,463.203,-19.043
10000383,27-08-16,Pink Cab,WASHINGTON DC,37.74,506.47,377.4,129.07
10000384,28-08-16,Yellow Cab,ATLANTA GA,33.93,1341.17,464.1624,877.0076
10000385,29-08-16,Yellow Cab,ATLANTA GA,42.18,1412.06,516.2832,895.7768
10000386,30-08-16,Yellow Cab,ATLANTA GA,10.6,364.62,132.288,232.332
10000387,31-08-16,Yellow Cab,ATLANTA GA,26.75,838,333.84,504.16
10000388,01-09-16,Yellow Cab,ATLANTA GA,46.02,1540.61,596.4192,944.1908
10000389,02-09-16,Yellow Cab,ATLANTA GA,9.63,319.43,120.1824,199.2476
10000390,03-09-16,Yellow Cab,ATLANTA GA,36.3,1036.84,435.6,601.24
10000391,04-09-16,Yellow Cab,ATLANTA GA,38.08,1239.72,539.2128,700.5072
10000392,05-09-16,Yellow Cab,ATLANTA GA,27.37,976.37,394.128,582.242
10000393,06-09-16,Yellow Cab,ATLANTA GA,2.14,76.6,29.7888,46.8112
10000394,07-09-16,Yellow Cab,ATLANTA GA,15,483.73,198,285.73
10000395,08-09-16,Yellow Cab,ATLANTA GA,11.44,360.49,142.7712,217.7188
10000396,09-09-16,Yellow Cab,ATLANTA GA,24.75,924.94,305.91,619.03
10000397,10-09-16,Yellow Cab,ATLANTA GA,18.9,609.5,267.624,341.876
10000398,11-09-16,Yellow Cab,ATLANTA GA,38.85,1430.64,545.454,885.186
10000399,12-09-16,Yellow Cab,ATLANTA GA,18.81,618.15,243.7776,374.3724
10000400,13-09-16,Yellow Cab,ATLANTA GA,17.1,556.7,227.772,328.928
10000401,14-09-16,Yellow Cab,ATLANTA GA,10.8,308.48,147.744,160.736
10000402,15-09-16,Yellow Cab,ATLANTA GA,21.8,709.85,287.76,422.09
10000403,16-09-16,Yellow Cab,ATLANTA GA,23.31,701.6,321.678,379.922
10000404,17-09-16,Yellow Cab,ATLANTA GA,18.9,732.91,263.088,469.822
10000405,18-09-16,Yellow Cab,ATLANTA GA,40.95,1157.08,530.712,626.368
10000406,19-09-16,Yellow Cab,ATLANTA GA,11.88,361.22,151.1136,210.1064
10000407,20-09-16,Yellow Cab,ATLANTA GA,25.65,756.27,366.282,389.988
10000408,21-09-16,Yellow Cab,AUSTIN TX,33.32,1050.1,411.8352,638.2648
10000409,22-09-16,Yellow Cab,AUSTIN TX,26.73,846.41,349.6284,496.7816
10000410,23-09-16,Yellow Cab,AUSTIN TX,15.82,464.51,220.2144,244.2956
10000411,24-09-16,Yellow Cab,AUSTIN TX,22.68,731.88,318.4272,413.4528
10000412,25-09-16,Yellow Cab,AUSTIN TX,33.33,978.64,451.9548,526.6852
10000413,26-09-16,Yellow Cab,BOSTON MA,19.04,330.16,267.3216,62.8384
10000414,27-09-16,Yellow Cab,BOSTON MA,31.2,620.74,438.048,182.692
10000415,28-09-16,Yellow Cab,BOSTON MA,32.64,667.26,442.5984,224.6616
10000416,29-09-16,Yellow Cab,BOSTON MA,13.08,231.58,188.352,43.228
10000417,30-09-16,Yellow Cab,BOSTON MA,29.7,558.37,416.988,141.382
10000418,01-10-16,Yellow Cab,BOSTON MA,38.08,802.32,507.2256,295.0944
10000419,02-10-16,Yellow Cab,BOSTON MA,36.36,703.49,436.32,267.17
10000420,03-10-16,Yellow Cab,BOSTON MA,14,281.09,171.36,109.73
10000421,04-10-16,Yellow Cab,BOSTON MA,38.22,697.62,499.9176,197.7024
10000422,05-10-16,Yellow Cab,BOSTON MA,31.31,605.78,420.8064,184.9736
10000423,06-10-16,Yellow Cab,BOSTON MA,28.42,487.62,385.3752,102.2448
10000424,07-10-16,Yellow Cab,BOSTON MA,17.44,373.78,246.9504,126.8296
10000425,08-10-16,Yellow Cab,BOSTON MA,19.04,400.91,253.6128,147.2972
10000426,09-10-16,Yellow Cab,BOSTON MA,6.24,119.59,89.1072,30.4828
10000427,10-10-16,Yellow Cab,BOSTON MA,2.16,39.03,26.9568,12.0732
10000428,11-10-16,Yellow Cab,BOSTON MA,41.76,769.86,591.3216,178.5384
10000429,12-10-16,Yellow Cab,BOSTON MA,15.15,342.62,205.434,137.186
10000430,13-10-16,Yellow Cab,BOSTON MA,39.59,794.89,551.0928,243.7972
10000431,14-10-16,Yellow Cab,BOSTON MA,10.44,249.25,150.336,98.914
10000432,15-10-16,Yellow Cab,BOSTON MA,22.54,390.85,302.9376,87.9124
10000433,16-10-16,Yellow Cab,BOSTON MA,6.3,130.08,83.916,46.164
10000434,17-10-16,Yellow Cab,BOSTON MA,45.24,971.09,564.5952,406.4948
10000435,18-10-16,Yellow Cab,BOSTON MA,25.48,588.33,345.5088,242.8212
10000436,19-10-16,Yellow Cab,BOSTON MA,18,328.55,241.92,86.63
10000437,20-10-16,Yellow Cab,BOSTON MA,43.29,908.69,524.6748,384.0152
10000438,21-10-16,Yellow Cab,BOSTON MA,16.1,267.42,195.132,72.288
10000439,22-10-16,Yellow Cab,BOSTON MA,20.71,389.36,295.7388,93.6212
10000440,23-10-16,Yellow Cab,BOSTON MA,46.41,770.87,584.766,186.104
10000441,24-10-16,Yellow Cab,BOSTON MA,13.26,289.18,159.12,130.06
10000442,25-10-16,Yellow Cab,BOSTON MA,17.12,306.24,219.8208,86.4192
10000443,26-10-16,Yellow Cab,BOSTON MA,2.88,58.93,39.3984,19.5316
10000444,27-10-16,Yellow Cab,BOSTON MA,29.45,659.68,413.478,246.202
10000445,28-10-16,Yellow Cab,BOSTON MA,21.56,409.27,294.9408,114.3292
10000446,29-10-16,Yellow Cab,BOSTON MA,20.16,412.5,273.3696,139.1304
10000447,30-10-16,Yellow Cab,BOSTON MA,30.24,518.85,402.7968,116.0532
10000448,31-10-16,Yellow Cab,BOSTON MA,38,721.35,515.28,206.07
10000449,01-11-16,Yellow Cab,BOSTON MA,29.25,587.28,393.12,194.16
10000450,02-11-16,Yellow Cab,BOSTON MA,40.8,796.84,499.392,297.448
10000451,03-11-16,Yellow Cab,BOSTON MA,13.52,256.65,168.7296,87.9204
10000452,04-11-16,Yellow Cab,BOSTON MA,20.4,383.53,266.832,116.698
10000453,05-11-16,Yellow Cab,BOSTON MA,22,433.69,271.92,161.77
10000454,06-11-16,Yellow Cab,BOSTON MA,7.91,171.81,106.3104,65.4996
10000455,07-11-16,Yellow Cab,BOSTON MA,9.9,196.97,130.68,66.29
10000456,08-11-16,Yellow Cab,BOSTON MA,24.72,433.16,299.6064,133.5536
10000457,09-11-16,Yellow Cab,BOSTON MA,40.8,670.24,528.768,141.472
10000458,10-11-16,Yellow Cab,BOSTON MA,40.25,690.59,560.28,130.31
10000459,11-11-16,Yellow Cab,BOSTON MA,23.1,523.68,291.06,232.62
10000460,12-11-16,Yellow Cab,BOSTON MA,37.29,633,451.9548,181.0452
10000461,13-11-16,Yellow Cab,BOSTON MA,34.68,691.24,491.0688,200.1712
10000462,14-11-16,Yellow Cab,BOSTON MA,23,461.8,303.6,158.2
10000463,15-11-16,Yellow Cab,BOSTON MA,3.03,55.86,41.0868,14.7732
10000464,16-11-16,Yellow Cab,BOSTON MA,9.5,189.01,126.54,62.47
10000465,17-11-16,Yellow Cab,BOSTON MA,26.18,573.43,355.0008,218.4292
10000466,18-11-16,Yellow Cab,BOSTON MA,11.5,203.61,144.9,58.71
10000467,19-11-16,Yellow Cab,BOSTON MA,19.98,397.51,258.9408,138.5692
10000468,20-11-16,Yellow Cab,CHICAGO IL,27.3,583.42,383.292,200.128
10000469,21-11-16,Yellow Cab,CHICAGO IL,11.3,261.9,150.516,111.384
10000470,22-11-16,Yellow Cab,CHICAGO IL,16.16,352.9,215.2512,137.6488
10000471,23-11-16,Yellow Cab,CHICAGO IL,34.68,664.33,499.392,164.938
10000472,24-11-16,Yellow Cab,CHICAGO IL,35.64,847.57,470.448,377.122
10000473,25-11-16,Yellow Cab,CHICAGO IL,40.8,773.42,533.664,239.756
10000474,26-11-16,Yellow Cab,CHICAGO IL,13.68,270.24,175.6512,94.5888
10000475,27-11-16,Yellow Cab,CHICAGO IL,19.38,470.01,241.8624,228.1476
10000476,28-11-16,Yellow Cab,CHICAGO IL,32.4,614.19,427.68,186.51
10000477,29-11-16,Yellow Cab,CHICAGO IL,39,754.86,547.56,207.3
10000478,30-11-16,Yellow Cab,CHICAGO IL,33.66,604.49,464.508,139.982
10000479,01-12-16,Yellow Cab,CHICAGO IL,29,659.68,358.44,301.24
10000480,02-12-16,Yellow Cab,CHICAGO IL,35.31,718.67,466.092,252.578
10000481,03-12-16,Yellow Cab,CHICAGO IL,5.35,126.57,68.052,58.518
10000482,04-12-16,Yellow Cab,CHICAGO IL,27.55,582.72,337.212,245.508
10000483,05-12-16,Yellow Cab,CHICAGO IL,17.55,427.59,223.236,204.354
10000484,06-12-16,Yellow Cab,CHICAGO IL,23.76,497.82,322.1856,175.6344
10000485,07-12-16,Yellow Cab,CHICAGO IL,9.45,194.3,129.276,65.024
10000486,08-12-16,Yellow Cab,CHICAGO IL,41.8,944.35,526.68,417.67
10000487,09-12-16,Yellow Cab,CHICAGO IL,34.24,744.72,456.0768,288.6432
10000488,10-12-16,Yellow Cab,CHICAGO IL,4.6,102.9,65.688,37.212
10000489,11-12-16,Yellow Cab,CHICAGO IL,35.2,709.41,502.656,206.754
10000490,12-12-16,Yellow Cab,CHICAGO IL,29.5,625.14,368.16,256.98
10000491,13-12-16,Yellow Cab,CHICAGO IL,17.12,365.53,221.8752,143.6548
10000492,14-12-16,Yellow Cab,CHICAGO IL,36,883.93,492.48,391.45
10000493,15-12-16,Yellow Cab,CHICAGO IL,2.22,41.64,30.636,11.004
10000494,16-12-16,Yellow Cab,CHICAGO IL,13.92,298.98,167.04,131.94
10000495,17-12-16,Yellow Cab,CHICAGO IL,29.12,615.93,380.8896,235.0404
10000496,18-12-16,Yellow Cab,CHICAGO IL,4.6,84.45,55.752,28.698
10000497,19-12-16,Yellow Cab,CHICAGO IL,16.05,342.68,204.156,138.524
10000498,20-12-16,Yellow Cab,CHICAGO IL,32.64,716.43,419.0976,297.3324
10000499,21-12-16,Yellow Cab,CHICAGO IL,18.62,352.97,254.7216,98.2484
10000500,22-12-16,Yellow Cab,CHICAGO IL,10.45,191.84,142.956,48.884
10000501,23-12-16,Yellow Cab,CHICAGO IL,9.18,194.17,129.9888,64.1812
10000502,24-12-16,Yellow Cab,CHICAGO IL,6.42,137.07,89.3664,47.7036
10000503,25-12-16,Yellow Cab,CHICAGO IL,18.54,417.3,266.976,150.324
10000504,26-12-16,Yellow Cab,CHICAGO IL,3.21,64.69,43.1424,21.5476
10000505,27-12-16,Yellow Cab,CHICAGO IL,44.46,798.44,560.196,238.244
10000506,28-12-16,Yellow Cab,CHICAGO IL,15.3,317.51,183.6,133.91
10000507,29-12-16,Yellow Cab,CHICAGO IL,4.52,99.21,61.2912,37.9188
10000508,30-12-16,Yellow Cab,CHICAGO IL,14.28,313.44,178.2144,135.2256
10000509,31-12-16,Yellow Cab,CHICAGO IL,9.6,197.31,120.96,76.35
10000510,01-01-17,Yellow Cab,CHICAGO IL,36.04,711.96,501.6768,210.2832
10000511,02-01-17,Yellow Cab,CHICAGO IL,24.48,617.24,331.9488,285.2912
10000512,03-01-17,Yellow Cab,CHICAGO IL,26.4,659.49,342.144,317.346
10000513,04-01-17,Yellow Cab,CHICAGO IL,27.72,497.82,382.536,115.284
10000514,05-01-17,Yellow Cab,CHICAGO IL,4.12,77.28,56.856,20.424
10000515,06-01-17,Yellow Cab,CHICAGO IL,28.35,509.13,357.21,151.92
10000516,07-01-17,Yellow Cab,CHICAGO IL,4.72,105.79,62.8704,42.9196
10000517,08-01-17,Yellow Cab,CHICAGO IL,4.72,86.65,60.6048,26.0452
10000518,09-01-17,Yellow Cab,CHICAGO IL,33.06,719.05,472.0968,246.9532
10000519,10-01-17,Yellow Cab,CHICAGO IL,13.92,327.23,185.4144,141.8156
10000520,11-01-17,Yellow Cab,CHICAGO IL,18.53,347.56,222.36,125.2
10000521,12-01-17,Yellow Cab,CHICAGO IL,39.2,743.09,512.736,230.354
10000522,13-01-17,Yellow Cab,CHICAGO IL,39.55,773.4,484.092,289.308
10000523,14-01-17,Yellow Cab,CHICAGO IL,15.26,322.77,192.276,130.494
10000524,15-01-17,Yellow Cab,CHICAGO IL,35.35,761.81,462.378,299.432
10000525,16-01-17,Yellow Cab,CHICAGO IL,2.18,51.47,26.4216,25.0484
10000526,17-01-17,Yellow Cab,CHICAGO IL,16.8,397.98,205.632,192.348
10000527,18-01-17,Yellow Cab,CHICAGO IL,19.38,375.11,239.5368,135.5732
10000528,19-01-17,Yellow Cab,CHICAGO IL,34.56,746.85,427.1616,319.6884
10000529,20-01-17,Yellow Cab,CHICAGO IL,38.85,798.78,475.524,323.256
10000530,21-01-17,Yellow Cab,CHICAGO IL,6.79,126,84.7392,41.2608
10000531,22-01-17,Yellow Cab,CHICAGO IL,19.95,414.01,282.492,131.518
10000532,23-01-17,Yellow Cab,CHICAGO IL,26.22,575.52,333.5184,242.0016
10000533,24-01-17,Yellow Cab,CHICAGO IL,28.42,538.74,361.5024,177.2376
10000534,25-01-17,Yellow Cab,CHICAGO IL,19.8,422.75,242.352,180.398
10000535,26-01-17,Yellow Cab,CHICAGO IL,32.2,610.4,386.4,224
10000536,27-01-17,Yellow Cab,CHICAGO IL,22.6,446.45,273.912,172.538
10000537,28-01-17,Yellow Cab,CHICAGO IL,8.4,152.53,111.888,40.642
10000538,29-01-17,Yellow Cab,CHICAGO IL,21.28,441.61,280.896,160.714
10000539,30-01-17,Yellow Cab,CHICAGO IL,3.57,71.24,47.9808,23.2592
10000540,31-01-17,Yellow Cab,CHICAGO IL,13.92,293.32,187.0848,106.2352
10000541,01-02-17,Yellow Cab,CHICAGO IL,38.48,721.76,554.112,167.648
10000542,02-02-17,Yellow Cab,CHICAGO IL,8.56,184.47,123.264,61.206
10000543,03-02-17,Yellow Cab,CHICAGO IL,2.24,40.23,30.3744,9.8556
10000544,04-02-17,Yellow Cab,CHICAGO IL,14.82,316.42,192.0672,124.3528
10000545,05-02-17,Yellow Cab,CHICAGO IL,33.35,618.89,408.204,210.686
10000546,06-02-17,Yellow Cab,CHICAGO IL,39.78,857.28,529.8696,327.4104
10000547,07-02-17,Yellow Cab,CHICAGO IL,37.4,671.66,457.776,213.884
10000548,08-02-17,Yellow Cab,CHICAGO IL,6.93,142.43,83.16,59.27
10000549,09-02-17,Yellow Cab,CHICAGO IL,38.61,816.65,509.652,306.998
10000550,10-02-17,Yellow Cab,CHICAGO IL,11.88,253.65,163.944,89.706
10000551,11-02-17,Yellow Cab,CHICAGO IL,17.85,421.9,222.768,199.132
10000552,12-02-17,Yellow Cab,CHICAGO IL,16,328.84,197.76,131.08
10000553,13-02-17,Yellow Cab,CHICAGO IL,31.35,569.26,432.63,136.63
10000554,14-02-17,Yellow Cab,CHICAGO IL,20.7,400.66,280.692,119.968
10000555,15-02-17,Yellow Cab,CHICAGO IL,11.6,247.67,167.04,80.63
10000556,16-02-17,Yellow Cab,CHICAGO IL,25.76,483.18,352.3968,130.7832
10000557,17-02-17,Yellow Cab,CHICAGO IL,12.36,287.06,155.736,131.324
10000558,18-02-17,Yellow Cab,CHICAGO IL,4.12,101.74,54.8784,46.8616
10000559,19-02-17,Yellow Cab,CHICAGO IL,18.18,401.73,231.2496,170.4804
10000560,20-02-17,Yellow Cab,CHICAGO IL,18.08,406.95,221.2992,185.6508
10000561,21-02-17,Yellow Cab,CHICAGO IL,20.06,360.25,243.1272,117.1228
10000562,22-02-17,Yellow Cab,CHICAGO IL,29.43,587.25,384.9444,202.3056
10000563,23-02-17,Yellow Cab,CHICAGO IL,12.48,254.01,167.7312,86.2788
10000564,24-02-17,Yellow Cab,CHICAGO IL,36.3,761.2,483.516,277.684
10000565,25-02-17,Yellow Cab,CHICAGO IL,1.94,40.26,24.444,15.816
10000566,26-02-17,Yellow Cab,CHICAGO IL,2.4,45.5,33.408,12.092
10000567,27-02-17,Yellow Cab,CHICAGO IL,40.33,796.7,532.356,264.344
10000568,28-02-17,Yellow Cab,CHICAGO IL,23.8,523.35,328.44,194.91
10000569,01-03-17,Yellow Cab,CHICAGO IL,34.68,664.33,499.392,164.938
10000570,02-03-17,Yellow Cab,CHICAGO IL,4.28,87.97,60.6048,27.3652
10000571,03-03-17,Yellow Cab,CHICAGO IL,34.3,774.22,481.572,292.648
10000572,04-03-17,Yellow Cab,CHICAGO IL,12.74,238.96,175.812,63.148
10000573,05-03-17,Yellow Cab,CHICAGO IL,14.7,322.66,204.624,118.036
10000574,06-03-17,Yellow Cab,CHICAGO IL,32.77,712.75,401.1048,311.6452
10000575,07-03-17,Yellow Cab,CHICAGO IL,36.8,807.74,503.424,304.316
10000576,08-03-17,Yellow Cab,CHICAGO IL,21.84,470.66,296.1504,174.5096
10000577,09-03-17,Yellow Cab,CHICAGO IL,9.28,172.21,119.1552,53.0548
10000578,10-03-17,Yellow Cab,CHICAGO IL,24.24,435.32,343.2384,92.0816
10000579,11-03-17,Yellow Cab,CHICAGO IL,27.25,681.21,382.59,298.62
10000580,12-03-17,Yellow Cab,CHICAGO IL,24.61,456.7,318.9456,137.7544
10000581,13-03-17,Yellow Cab,CHICAGO IL,26.46,533.27,320.6952,212.5748
10000582,14-03-17,Yellow Cab,CHICAGO IL,12.36,241.7,152.7696,88.9304
10000583,15-03-17,Yellow Cab,CHICAGO IL,19.8,431.64,275.616,156.024
10000584,16-03-17,Yellow Cab,CHICAGO IL,45.2,992.12,574.944,417.176
10000585,17-03-17,Yellow Cab,CHICAGO IL,14.82,310.51,190.2888,120.2212
10000586,18-03-17,Yellow Cab,CHICAGO IL,4.16,88.82,57.9072,30.9128
10000587,19-03-17,Yellow Cab,CHICAGO IL,8.64,163.78,122.3424,41.4376
10000588,20-03-17,Yellow Cab,CHICAGO IL,12,275.99,156.96,119.03
10000589,21-03-17,Yellow Cab,CHICAGO IL,13,251.62,168.48,83.14
10000590,22-03-17,Yellow Cab,CHICAGO IL,11.8,216.62,168.504,48.116
10000591,23-03-17,Yellow Cab,CHICAGO IL,44.07,791.44,576.4356,215.0044
10000592,24-03-17,Yellow Cab,CHICAGO IL,9.63,240.1,127.116,112.984
10000593,25-03-17,Yellow Cab,CHICAGO IL,4.04,81.42,58.176,23.244
10000594,26-03-17,Yellow Cab,CHICAGO IL,31.08,558.16,417.7152,140.4448
10000595,27-03-17,Yellow Cab,CHICAGO IL,44.84,850.01,634.9344,215.0756
10000596,28-03-17,Yellow Cab,CHICAGO IL,18.02,384.74,250.8384,133.9016
10000597,29-03-17,Yellow Cab,CHICAGO IL,39.44,724.03,482.7456,241.2844
10000598,30-03-17,Yellow Cab,CHICAGO IL,15.12,331.88,205.0272,126.8528
10000599,31-03-17,Yellow Cab,CHICAGO IL,11.77,245.78,146.8896,98.8904
10000600,01-04-17,Yellow Cab,CHICAGO IL,23.75,531.25,336.3,194.95
10000601,02-04-17,Yellow Cab,CHICAGO IL,35.34,775.7,508.896,266.804
10000602,03-04-17,Yellow Cab,CHICAGO IL,17.44,323.64,249.0432,74.5968
10000603,04-04-17,Yellow Cab,CHICAGO IL,7.98,160.83,97.6752,63.1548
10000604,05-04-17,Yellow Cab,CHICAGO IL,35.89,651.7,469.4412,182.2588
10000605,06-04-17,Yellow Cab,CHICAGO IL,35.52,760.86,430.5024,330.3576
10000606,07-04-17,Yellow Cab,CHICAGO IL,41.04,769.78,581.1264,188.6536
10000607,08-04-17,Yellow Cab,CHICAGO IL,24.7,532.3,305.292,227.008
10000608,09-04-17,Yellow Cab,CHICAGO IL,4.16,90.48,58.4064,32.0736
10000609,10-04-17,Yellow Cab,CHICAGO IL,18.19,398.86,224.8284,174.0316
10000610,11-04-17,Yellow Cab,CHICAGO IL,19.2,383.12,241.92,141.2
10000611,12-04-17,Yellow Cab,CHICAGO IL,11.2,232.43,146.496,85.934
10000612,13-04-17,Yellow Cab,CHICAGO IL,27.55,695.09,383.496,311.594
10000613,14-04-17,Yellow Cab,CHICAGO IL,40.68,860.44,576.0288,284.4112
10000614,15-04-17,Yellow Cab,CHICAGO IL,35.2,709.41,451.968,257.442
10000615,16-04-17,Yellow Cab,CHICAGO IL,8.55,181.19,119.016,62.174
10000616,17-04-17,Yellow Cab,CHICAGO IL,20.58,425.03,264.2472,160.7828
10000617,18-04-17,Yellow Cab,CHICAGO IL,27.6,629.65,347.76,281.89
10000618,19-04-17,Yellow Cab,CHICAGO IL,15.52,284.91,217.9008,67.0092
10000619,20-04-17,Yellow Cab,CHICAGO IL,26.22,512.73,314.64,198.09
10000620,21-04-17,Yellow Cab,CHICAGO IL,9.72,197.83,123.6384,74.1916
10000621,22-04-17,Yellow Cab,CHICAGO IL,33.48,674.74,458.0064,216.7336
10000622,23-04-17,Yellow Cab,CHICAGO IL,26.6,504.24,338.352,165.888
10000623,24-04-17,Yellow Cab,CHICAGO IL,5.95,122.29,74.97,47.32
10000624,25-04-17,Yellow Cab,CHICAGO IL,24.64,540.84,304.5504,236.2896
10000625,26-04-17,Yellow Cab,CHICAGO IL,12.35,258.76,174.876,83.884
10000626,27-04-17,Yellow Cab,CHICAGO IL,4.8,96.74,67.392,29.348
10000627,28-04-17,Yellow Cab,CHICAGO IL,35.64,812.43,449.064,363.366
10000628,29-04-17,Yellow Cab,CHICAGO IL,20.37,474.83,276.2172,198.6128
10000629,30-04-17,Yellow Cab,CHICAGO IL,32.77,621.2,471.888,149.312
10000630,01-05-17,Yellow Cab,CHICAGO IL,29.7,539.3,427.68,111.62
10000631,02-05-17,Yellow Cab,CHICAGO IL,41.4,826.1,501.768,324.332
10000632,03-05-17,Yellow Cab,CHICAGO IL,29.4,639.45,402.192,237.258
10000633,04-05-17,Yellow Cab,CHICAGO IL,15.6,340.79,220.896,119.894
10000634,05-05-17,Yellow Cab,CHICAGO IL,33.6,683.87,455.616,228.254
10000635,06-05-17,Yellow Cab,CHICAGO IL,25.08,532.83,337.0752,195.7548
10000636,07-05-17,Yellow Cab,CHICAGO IL,37.4,753.75,529.584,224.166
10000637,08-05-17,Yellow Cab,CHICAGO IL,42.84,897.58,616.896,280.684
10000638,09-05-17,Yellow Cab,CHICAGO IL,8.55,167.2,105.678,61.522
10000639,10-05-17,Yellow Cab,CHICAGO IL,5,104.76,60,44.76
10000640,11-05-17,Yellow Cab,CHICAGO IL,15.6,374.66,209.664,164.996
10000641,12-05-17,Yellow Cab,CHICAGO IL,37.8,807.06,453.6,353.46
10000642,13-05-17,Yellow Cab,CHICAGO IL,38.42,774.3,511.7544,262.5456
10000643,14-05-17,Yellow Cab,CHICAGO IL,41.81,901.02,531.8232,369.1968
10000644,15-05-17,Yellow Cab,CHICAGO IL,14.4,258.61,196.992,61.618
10000645,16-05-17,Yellow Cab,CHICAGO IL,9.52,178.57,117.6672,60.9028
10000646,17-05-17,Yellow Cab,CHICAGO IL,14.4,349.23,181.44,167.79
10000647,18-05-17,Yellow Cab,CHICAGO IL,34.72,699.74,445.8048,253.9352
10000648,19-05-17,Yellow Cab,CHICAGO IL,23.8,474.91,311.304,163.606
10000649,20-05-17,Yellow Cab,CHICAGO IL,37.74,844.27,484.5816,359.6884
10000650,21-05-17,Yellow Cab,CHICAGO IL,40.66,1005.24,522.0744,483.1656
10000651,22-05-17,Yellow Cab,CHICAGO IL,46.41,879.77,623.7504,256.0196
10000652,23-05-17,Yellow Cab,DALLAS TX,4.28,99.97,52.9008,47.0692
10000653,24-05-17,Yellow Cab,DALLAS TX,20.34,506.77,248.9616,257.8084
10000654,25-05-17,Yellow Cab,DALLAS TX,20.16,598.87,254.016,344.854
10000655,26-05-17,Yellow Cab,DALLAS TX,45.6,1519.56,585.504,934.056
10000656,27-05-17,Yellow Cab,DALLAS TX,24,695.87,313.92,381.95
10000657,28-05-17,Yellow Cab,DALLAS TX,41.34,1062.17,530.8056,531.3644
10000658,29-05-17,Yellow Cab,DALLAS TX,12.76,341.1,183.744,157.356
10000659,30-05-17,Yellow Cab,DALLAS TX,38.48,1174.44,526.4064,648.0336
10000660,31-05-17,Yellow Cab,DALLAS TX,43.6,1222.08,554.592,667.488
10000661,01-06-17,Yellow Cab,DALLAS TX,42.56,1215.02,536.256,678.764
10000662,02-06-17,Yellow Cab,DALLAS TX,37.83,952.35,472.1184,480.2316
10000663,03-06-17,Yellow Cab,DALLAS TX,12.98,382.31,165.1056,217.2044
10000664,04-06-17,Yellow Cab,DALLAS TX,44.07,1258.13,560.5704,697.5596
10000665,05-06-17,Yellow Cab,DALLAS TX,21.6,554.98,272.16,282.82
10000666,06-06-17,Yellow Cab,DALLAS TX,46.4,1168.09,562.368,605.722
10000667,07-06-17,Yellow Cab,DALLAS TX,45.22,1288.14,634.8888,653.2512
10000668,08-06-17,Yellow Cab,DALLAS TX,2.36,75.46,32.2848,43.1752
10000669,09-06-17,Yellow Cab,DALLAS TX,22.22,570.91,317.3016,253.6084
10000670,10-06-17,Yellow Cab,DALLAS TX,20.9,619.66,258.324,361.336
10000671,11-06-17,Yellow Cab,DALLAS TX,40.95,1147.8,501.228,646.572
10000672,12-06-17,Yellow Cab,DALLAS TX,15.82,423.84,218.316,205.524
10000673,13-06-17,Yellow Cab,DALLAS TX,2.22,63.95,30.636,33.314
10000674,14-06-17,Yellow Cab,DALLAS TX,7.84,205.51,101.6064,103.9036
10000675,15-06-17,Yellow Cab,DALLAS TX,15.26,427.73,190.4448,237.2852
10000676,16-06-17,Yellow Cab,DALLAS TX,26.5,861.62,343.44,518.18
10000677,17-06-17,Yellow Cab,DALLAS TX,34.56,950.75,485.2224,465.5276
10000678,18-06-17,Yellow Cab,DALLAS TX,5.95,165.15,71.4,93.75
10000679,19-06-17,Yellow Cab,DENVER CO,15.08,483.16,199.056,284.104
10000680,20-06-17,Yellow Cab,DENVER CO,27.84,875.47,394.2144,481.2556
10000681,21-06-17,Yellow Cab,DENVER CO,22.54,750.26,302.9376,447.3224
10000682,22-06-17,Yellow Cab,DENVER CO,24.57,765.35,294.84,470.51
10000683,23-06-17,Yellow Cab,DENVER CO,35.96,1207.84,491.9328,715.9072
10000684,24-06-17,Yellow Cab,DENVER CO,37.8,1098.97,471.744,627.226
10000685,25-06-17,Yellow Cab,DENVER CO,28.71,792.1,361.746,430.354
10000686,26-06-17,Yellow Cab,LOS ANGELES CA,35.65,810.03,470.58,339.45
10000687,27-06-17,Yellow Cab,LOS ANGELES CA,23.73,565.36,318.9312,246.4288
10000688,28-06-17,Yellow Cab,LOS ANGELES CA,5.25,114.66,66.15,48.51
10000689,29-06-17,Yellow Cab,LOS ANGELES CA,9.12,219.29,109.44,109.85
10000690,30-06-17,Yellow Cab,LOS ANGELES CA,19.2,444.73,269.568,175.162
10000691,01-07-17,Yellow Cab,LOS ANGELES CA,30.78,774.07,369.36,404.71
10000692,02-07-17,Yellow Cab,LOS ANGELES CA,11.2,303.8,161.28,142.52
10000693,03-07-17,Yellow Cab,LOS ANGELES CA,27.54,643.98,363.528,280.452
10000694,04-07-17,Yellow Cab,LOS ANGELES CA,9.54,235.71,129.3624,106.3476
10000695,05-07-17,Yellow Cab,LOS ANGELES CA,15.75,319.65,192.78,126.87
10000696,06-07-17,Yellow Cab,LOS ANGELES CA,24.96,648.08,356.4288,291.6512
10000697,07-07-17,Yellow Cab,LOS ANGELES CA,21.84,579.88,285.6672,294.2128
10000698,08-07-17,Yellow Cab,LOS ANGELES CA,12.65,321.31,154.836,166.474
10000699,09-07-17,Yellow Cab,LOS ANGELES CA,19.04,452.24,258.1824,194.0576
10000700,10-07-17,Yellow Cab,LOS ANGELES CA,19.4,406.56,242.112,164.448
10000701,11-07-17,Yellow Cab,LOS ANGELES CA,28.34,593.92,377.4888,216.4312
10000702,12-07-17,Yellow Cab,LOS ANGELES CA,20.23,568.24,242.76,325.48
10000703,13-07-17,Yellow Cab,LOS ANGELES CA,27,740.12,324,416.12
10000704,14-07-17,Yellow Cab,LOS ANGELES CA,27.36,730.31,374.2848,356.0252
10000705,15-07-17,Yellow Cab,LOS ANGELES CA,6.84,179.26,93.5712,85.6888
10000706,16-07-17,Yellow Cab,LOS ANGELES CA,18.9,490.31,235.872,254.438
10000707,17-07-17,Yellow Cab,LOS ANGELES CA,19.19,534.92,253.308,281.612
10000708,18-07-17,Yellow Cab,LOS ANGELES CA,18.53,384.24,264.6084,119.6316
10000709,19-07-17,Yellow Cab,LOS ANGELES CA,38.61,1016.46,509.652,506.808
10000710,20-07-17,Yellow Cab,LOS ANGELES CA,41.76,856.74,536.1984,320.5416
10000711,21-07-17,Yellow Cab,LOS ANGELES CA,5.45,132.25,65.4,66.85
10000712,22-07-17,Yellow Cab,LOS ANGELES CA,17.68,351.02,214.2816,136.7384
10000713,23-07-17,Yellow Cab,LOS ANGELES CA,9.72,210.13,134.136,75.994
10000714,24-07-17,Yellow Cab,LOS ANGELES CA,23.32,468.14,279.84,188.3
10000715,25-07-17,Yellow Cab,LOS ANGELES CA,31.08,733.62,399.0672,334.5528
10000716,26-07-17,Yellow Cab,LOS ANGELES CA,35.7,795.42,505.512,289.908
10000717,27-07-17,Yellow Cab,LOS ANGELES CA,17.1,365.91,217.512,148.398
10000718,28-07-17,Yellow Cab,LOS ANGELES CA,14.7,298.34,179.928,118.412
10000719,29-07-17,Yellow Cab,LOS ANGELES CA,44.46,1029.82,613.548,416.272
10000720,30-07-17,Yellow Cab,LOS ANGELES CA,10.08,235.71,122.1696,113.5404
10000721,31-07-17,Yellow Cab,LOS ANGELES CA,19.2,529.23,246.528,282.702
10000722,01-08-17,Yellow Cab,LOS ANGELES CA,3.51,75.11,42.5412,32.5688
10000723,02-08-17,Yellow Cab,LOS ANGELES CA,23.92,522.4,318.6144,203.7856
10000724,03-08-17,Yellow Cab,LOS ANGELES CA,38.85,848.46,540.792,307.668
10000725,04-08-17,Yellow Cab,LOS ANGELES CA,15.75,330.07,200.34,129.73
10000726,05-08-17,Yellow Cab,LOS ANGELES CA,12.43,265.98,159.6012,106.3788
10000727,06-08-17,Yellow Cab,LOS ANGELES CA,41.34,994.03,585.3744,408.6556
10000728,07-08-17,Yellow Cab,LOS ANGELES CA,32.32,670.2,430.5024,239.6976
10000729,08-08-17,Yellow Cab,LOS ANGELES CA,21.66,458.71,306.7056,152.0044
10000730,09-08-17,Yellow Cab,LOS ANGELES CA,41.07,916.87,502.6968,414.1732
10000731,10-08-17,Yellow Cab,LOS ANGELES CA,34.32,749.53,469.4976,280.0324
10000732,11-08-17,Yellow Cab,LOS ANGELES CA,9.45,214.72,116.802,97.918
10000733,12-08-17,Yellow Cab,LOS ANGELES CA,22.31,447.86,281.106,166.754
10000734,13-08-17,Yellow Cab,LOS ANGELES CA,22.23,577.73,320.112,257.618
10000735,14-08-17,Yellow Cab,LOS ANGELES CA,32.24,711.21,398.4864,312.7236
10000736,15-08-17,Yellow Cab,LOS ANGELES CA,34.68,780.34,482.7456,297.5944
10000737,16-08-17,Yellow Cab,LOS ANGELES CA,37.44,1044.79,453.7728,591.0172
10000738,17-08-17,Yellow Cab,LOS ANGELES CA,22.77,544.9,295.0992,249.8008
10000739,18-08-17,Yellow Cab,LOS ANGELES CA,37,889.68,497.28,392.4
10000740,19-08-17,Yellow Cab,LOS ANGELES CA,33.6,741.21,435.456,305.754
10000741,20-08-17,Yellow Cab,LOS ANGELES CA,9.18,221.63,124.4808,97.1492
10000742,21-08-17,Yellow Cab,LOS ANGELES CA,11.77,280.42,145.4772,134.9428
10000743,22-08-17,Yellow Cab,LOS ANGELES CA,4.56,113.97,62.928,51.042
10000744,23-08-17,Yellow Cab,LOS ANGELES CA,20.7,474.91,288.144,186.766
10000745,24-08-17,Yellow Cab,LOS ANGELES CA,5.4,114.36,69.984,44.376
10000746,25-08-17,Yellow Cab,LOS ANGELES CA,6.65,180.51,91.77,88.74
10000747,26-08-17,Yellow Cab,LOS ANGELES CA,3.27,73.58,45.9108,27.6692
10000748,27-08-17,Yellow Cab,LOS ANGELES CA,19.2,452.01,246.528,205.482
10000749,28-08-17,Yellow Cab,LOS ANGELES CA,14,284.13,194.88,89.25
10000750,29-08-17,Yellow Cab,LOS ANGELES CA,21.66,596.32,306.7056,289.6144
10000751,30-08-17,Yellow Cab,LOS ANGELES CA,42.56,882.54,515.8272,366.7128
10000752,31-08-17,Yellow Cab,LOS ANGELES CA,27.81,662.57,340.3944,322.1756
10000753,01-09-17,Yellow Cab,LOS ANGELES CA,21.47,506.78,298.8624,207.9176
10000754,02-09-17,Yellow Cab,LOS ANGELES CA,22.89,510,315.882,194.118
10000755,03-09-17,Yellow Cab,LOS ANGELES CA,6,121.77,81.36,40.41
10000756,04-09-17,Yellow Cab,LOS ANGELES CA,7.07,185.88,88.2336,97.6464
10000757,05-09-17,Yellow Cab,LOS ANGELES CA,34.98,756.22,478.5264,277.6936
10000758,06-09-17,Yellow Cab,LOS ANGELES CA,26.5,561.2,324.36,236.84
10000759,07-09-17,Yellow Cab,LOS ANGELES CA,8.12,193.46,99.3888,94.0712
10000760,08-09-17,Yellow Cab,LOS ANGELES CA,39.55,969.75,569.52,400.23
10000761,09-09-17,Yellow Cab,LOS ANGELES CA,38.4,855.57,483.84,371.73
10000762,10-09-17,Yellow Cab,LOS ANGELES CA,21.28,500.98,291.1104,209.8696
10000763,11-09-17,Yellow Cab,LOS ANGELES CA,29.75,603.78,389.13,214.65
10000764,12-09-17,Yellow Cab,LOS ANGELES CA,2.85,69.16,39.672,29.488
10000765,13-09-17,Yellow Cab,LOS ANGELES CA,21.6,443.14,290.304,152.836
10000766,14-09-17,Yellow Cab,LOS ANGELES CA,18.87,387.13,240.0264,147.1036
10000767,15-09-17,Yellow Cab,LOS ANGELES CA,20.4,454.52,276.624,177.896
10000768,16-09-17,Yellow Cab,LOS ANGELES CA,39.6,960.93,508.464,452.466
10000769,17-09-17,Yellow Cab,LOS ANGELES CA,26.5,590.43,337.08,253.35
10000770,18-09-17,Yellow Cab,LOS ANGELES CA,7.92,167.73,111.1968,56.5332
10000771,19-09-17,Yellow Cab,LOS ANGELES CA,1.92,45.47,27.1872,18.2828
10000772,20-09-17,Yellow Cab,LOS ANGELES CA,3,76.95,36.36,40.59
10000773,21-09-17,Yellow Cab,LOS ANGELES CA,1.96,43.24,24.2256,19.0144
10000774,22-09-17,Yellow Cab,LOS ANGELES CA,7.84,174.68,108.192,66.488
10000775,23-09-17,Yellow Cab,LOS ANGELES CA,29.87,733.78,430.128,303.652
10000776,24-09-17,Yellow Cab,LOS ANGELES CA,7.21,155.87,89.1156,66.7544
10000777,25-09-17,Yellow Cab,LOS ANGELES CA,33,928.39,403.92,524.47
10000778,26-09-17,Yellow Cab,LOS ANGELES CA,34.5,753.46,484.38,269.08
10000779,27-09-17,Yellow Cab,LOS ANGELES CA,9.36,198.22,132.5376,65.6824
10000780,28-09-17,Yellow Cab,LOS ANGELES CA,42.48,1226.67,581.1264,645.5436
10000781,29-09-17,Yellow Cab,LOS ANGELES CA,8.96,199.63,117.1968,82.4332
10000782,30-09-17,Yellow Cab,LOS ANGELES CA,2.26,53.35,27.9336,25.4164
10000783,01-10-17,Yellow Cab,LOS ANGELES CA,35.35,772.02,432.684,339.336
10000784,02-10-17,Yellow Cab,LOS ANGELES CA,29.4,791.76,356.328,435.432
10000785,03-10-17,Yellow Cab,LOS ANGELES CA,5.45,115.42,65.4,50.02
10000786,04-10-17,Yellow Cab,LOS ANGELES CA,11.88,277.8,145.4112,132.3888
10000787,05-10-17,Yellow Cab,LOS ANGELES CA,12.1,322.74,158.268,164.472
10000788,06-10-17,Yellow Cab,LOS ANGELES CA,20.6,486.25,291.696,194.554
10000789,07-10-17,Yellow Cab,LOS ANGELES CA,4.24,88.86,59.5296,29.3304
10000790,08-10-17,Yellow Cab,LOS ANGELES CA,28.75,602.51,358.8,243.71
10000791,09-10-17,Yellow Cab,LOS ANGELES CA,26.78,654.21,372.7776,281.4324
10000792,10-10-17,Yellow Cab,LOS ANGELES CA,29.25,612.99,414.18,198.81
10000793,11-10-17,Yellow Cab,LOS ANGELES CA,16.32,392.42,229.1328,163.2872
10000794,12-10-17,Yellow Cab,MIAMI FL,15.47,327.59,194.922,132.668
10000795,13-10-17,Yellow Cab,MIAMI FL,26.5,641.32,330.72,310.6
10000796,14-10-17,Yellow Cab,MIAMI FL,15.3,327.55,187.272,140.278
10000797,15-10-17,Yellow Cab,MIAMI FL,4.28,100.59,57.0096,43.5804
10000798,16-10-17,Yellow Cab,MIAMI FL,38.85,922.12,554.778,367.342
10000799,17-10-17,Yellow Cab,NASHVILLE TN,29.25,1001.93,361.53,640.4
10000800,18-10-17,Yellow Cab,NASHVILLE TN,41.4,1174.32,506.736,667.584
10000801,19-10-17,Yellow Cab,NEW YORK NY,18.08,446.12,253.8432,192.2768
10000802,20-10-17,Yellow Cab,NEW YORK NY,20.58,524.74,281.5344,243.2056
10000803,21-10-17,Yellow Cab,NEW YORK NY,19.19,505.08,241.794,263.286
10000804,22-10-17,Yellow Cab,NEW YORK NY,34.92,899.95,477.7056,422.2444
10000805,23-10-17,Yellow Cab,NEW YORK NY,24.75,712.49,320.76,391.73
10000806,24-10-17,Yellow Cab,NEW YORK NY,10.62,347.48,138.9096,208.5704
10000807,25-10-17,Yellow Cab,NEW YORK NY,4.8,142.13,59.328,82.802
10000808,26-10-17,Yellow Cab,NEW YORK NY,39.6,1053.13,522.72,530.41
10000809,27-10-17,Yellow Cab,NEW YORK NY,14.95,467.26,215.28,251.98
10000810,28-10-17,Yellow Cab,NEW YORK NY,26.5,755.6,356.16,399.44
10000811,29-10-17,Yellow Cab,NEW YORK NY,42.94,1271.45,515.28,756.17
10000812,30-10-17,Yellow Cab,NEW YORK NY,5.82,171.76,76.824,94.936
10000813,31-10-17,Yellow Cab,NEW YORK NY,11.4,281.3,147.744,133.556
10000814,01-11-17,Yellow Cab,NEW YORK NY,18.36,498.34,240.1488,258.1912
10000815,02-11-17,Yellow Cab,NEW YORK NY,21.66,599.78,288.5112,311.2688
10000816,03-11-17,Yellow Cab,NEW YORK NY,32.76,961.04,463.8816,497.1584
10000817,04-11-17,Yellow Cab,NEW YORK NY,11.88,358.28,148.2624,210.0176
10000818,05-11-17,Yellow Cab,NEW YORK NY,27.3,810.52,343.98,466.54
10000819,06-11-17,Yellow Cab,NEW YORK NY,22.23,670.42,306.774,363.646
10000820,07-11-17,Yellow Cab,NEW YORK NY,33.6,1060.67,483.84,576.83
10000821,08-11-17,Yellow Cab,NEW YORK NY,34.65,996.35,436.59,559.76
10000822,09-11-17,Yellow Cab,NEW YORK NY,29.45,791.27,378.138,413.132
10000823,10-11-17,Yellow Cab,NEW YORK NY,13.91,347.04,188.6196,158.4204
10000824,11-11-17,Yellow Cab,NEW YORK NY,26,762.73,312,450.73
10000825,12-11-17,Yellow Cab,NEW YORK NY,28.62,802.71,405.2592,397.4508
10000826,13-11-17,Yellow Cab,NEW YORK NY,13.44,331.63,180.6336,150.9964
10000827,14-11-17,Yellow Cab,NEW YORK NY,22.8,769.19,309.168,460.022
10000828,15-11-17,Yellow Cab,NEW YORK NY,2.36,60.82,29.1696,31.6504
10000829,16-11-17,Yellow Cab,NEW YORK NY,22.4,650.98,290.304,360.676
10000830,17-11-17,Yellow Cab,NEW YORK NY,39.2,999.5,508.032,491.468
10000831,18-11-17,Yellow Cab,NEW YORK NY,14.84,366.18,204.792,161.388
10000832,19-11-17,Yellow Cab,NEW YORK NY,29.29,907.43,369.054,538.376
10000833,20-11-17,Yellow Cab,NEW YORK NY,46.4,1246.69,612.48,634.21
10000834,21-11-17,Yellow Cab,NEW YORK NY,19.08,528.34,258.7248,269.6152
10000835,22-11-17,Yellow Cab,NEW YORK NY,39.96,1139.39,498.7008,640.6892
10000836,23-11-17,Yellow Cab,NEW YORK NY,17.4,481.82,217.152,264.668
10000837,24-11-17,Yellow Cab,NEW YORK NY,4.8,139.76,61.056,78.704
10000838,25-11-17,Yellow Cab,NEW YORK NY,6.66,199.03,87.1128,111.9172
10000839,26-11-17,Yellow Cab,NEW YORK NY,5.05,145.38,70.296,75.084
10000840,27-11-17,Yellow Cab,NEW YORK NY,44.03,1195.09,565.3452,629.7448
10000841,28-11-17,Yellow Cab,NEW YORK NY,2.24,75.57,31.7184,43.8516
10000842,29-11-17,Yellow Cab,NEW YORK NY,7.14,189.88,90.8208,99.0592
10000843,30-11-17,Yellow Cab,NEW YORK NY,5.45,175.87,69.324,106.546
10000844,01-12-17,Yellow Cab,NEW YORK NY,23.92,649.25,289.9104,359.3396
10000845,02-12-17,Yellow Cab,NEW YORK NY,17.92,561.71,253.7472,307.9628
10000846,03-12-17,Yellow Cab,NEW YORK NY,24.61,681.47,295.32,386.15
10000847,04-12-17,Yellow Cab,NEW YORK NY,39.96,1183.22,537.0624,646.1576
10000848,05-12-17,Yellow Cab,NEW YORK NY,41.04,1068.92,581.1264,487.7936
10000849,06-12-17,Yellow Cab,NEW YORK NY,32.77,817.58,424.6992,392.8808
10000850,07-12-17,Yellow Cab,NEW YORK NY,30.45,834.84,438.48,396.36
10000851,08-12-17,Yellow Cab,NEW YORK NY,6.72,189.45,81.4464,108.0036
10000852,09-12-17,Yellow Cab,NEW YORK NY,28.56,814.34,390.7008,423.6392
10000853,10-12-17,Yellow Cab,NEW YORK NY,19.76,703.2,248.976,454.224
10000854,11-12-17,Yellow Cab,NEW YORK NY,36,1138.6,449.28,689.32
10000855,12-12-17,Yellow Cab,NEW YORK NY,8.33,244.37,115.9536,128.4164
10000856,13-12-17,Yellow Cab,NEW YORK NY,28.13,825.22,405.072,420.148
10000857,14-12-17,Yellow Cab,NEW YORK NY,12.21,408.07,156.7764,251.2936
10000858,15-12-17,Yellow Cab,NEW YORK NY,10.62,291.17,152.928,138.242
10000859,16-12-17,Yellow Cab,NEW YORK NY,19.2,473.76,239.616,234.144
10000860,17-12-17,Yellow Cab,NEW YORK NY,17.28,435.86,221.8752,213.9848
10000861,18-12-17,Yellow Cab,NEW YORK NY,3.12,85.54,37.8144,47.7256
10000862,19-12-17,Yellow Cab,NEW YORK NY,19.95,503.21,284.886,218.324
10000863,20-12-17,Yellow Cab,NEW YORK NY,32.67,913.62,462.6072,451.0128
10000864,21-12-17,Yellow Cab,NEW YORK NY,15.68,484.49,191.9232,292.5668
10000865,22-12-17,Yellow Cab,NEW YORK NY,5.88,176.12,72.6768,103.4432
10000866,23-12-17,Yellow Cab,NEW YORK NY,36.48,930.15,437.76,492.39
10000867,24-12-17,Yellow Cab,NEW YORK NY,20.52,596.35,251.1648,345.1852
10000868,25-12-17,Yellow Cab,NEW YORK NY,8.82,262.32,105.84,156.48
10000869,26-12-17,Yellow Cab,NEW YORK NY,3.06,104.7,36.72,67.98
10000870,27-12-17,Yellow Cab,NEW YORK NY,7.35,219.65,94.374,125.276
10000871,28-12-17,Yellow Cab,NEW YORK NY,6.72,173.19,96.768,76.422
10000872,29-12-17,Yellow Cab,NEW YORK NY,23.76,686.92,293.6736,393.2464
10000873,30-12-17,Yellow Cab,NEW YORK NY,8.24,239.47,110.7456,128.7244
10000874,31-12-17,Yellow Cab,NEW YORK NY,10.26,255.98,123.12,132.86
10000875,01-01-18,Yellow Cab,NEW YORK NY,41.34,1031.4,570.492,460.908
10000876,02-01-18,Yellow Cab,NEW YORK NY,14.7,382.87,183.456,199.414
10000877,03-01-18,Yellow Cab,NEW YORK NY,46,1373.41,629.28,744.13
10000878,04-01-18,Yellow Cab,NEW YORK NY,12.72,364.96,175.536,189.424
10000879,05-01-18,Yellow Cab,NEW YORK NY,25.08,687.61,325.0368,362.5732
10000880,06-01-18,Yellow Cab,NEW YORK NY,27.72,759.99,362.5776,397.4124
10000881,07-01-18,Yellow Cab,NEW YORK NY,27,740.25,340.2,400.05
10000882,08-01-18,Yellow Cab,NEW YORK NY,5.5,162.86,71.94,90.92
10000883,09-01-18,Yellow Cab,NEW YORK NY,27.27,848.51,333.7848,514.7252
10000884,10-01-18,Yellow Cab,NEW YORK NY,28.28,705.56,390.264,315.296
10000885,11-01-18,Yellow Cab,NEW YORK NY,32.2,940.73,452.088,488.642
10000886,12-01-18,Yellow Cab,NEW YORK NY,13.78,460.84,181.896,278.944
10000887,13-01-18,Yellow Cab,NEW YORK NY,4.4,132.7,53.856,78.844
10000888,14-01-18,Yellow Cab,NEW YORK NY,46.41,1544.45,595.9044,948.5456
10000889,15-01-18,Yellow Cab,NEW YORK NY,42.9,1393.18,586.872,806.308
10000890,16-01-18,Yellow Cab,NEW YORK NY,31.05,834.26,398.682,435.578
10000891,17-01-18,Yellow Cab,NEW YORK NY,42.94,1224.36,535.8912,688.4688
10000892,18-01-18,Yellow Cab,NEW YORK NY,25.5,741.07,315.18,425.89
10000893,19-01-18,Yellow Cab,NEW YORK NY,16.35,498.24,200.124,298.116
10000894,20-01-18,Yellow Cab,NEW YORK NY,21.28,635.94,275.7888,360.1512
10000895,21-01-18,Yellow Cab,NEW YORK NY,31.2,786.97,423.072,363.898
10000896,22-01-18,Yellow Cab,NEW YORK NY,27.82,827.41,343.8552,483.5548
10000897,23-01-18,Yellow Cab,NEW YORK NY,17.82,532.54,237.3624,295.1776
10000898,24-01-18,Yellow Cab,NEW YORK NY,6.6,168.28,94.248,74.032
10000899,25-01-18,Yellow Cab,NEW YORK NY,36.27,894.96,500.526,394.434
10000900,26-01-18,Yellow Cab,NEW YORK NY,38.08,1265.36,461.5296,803.8304
10000901,27-01-18,Yellow Cab,NEW YORK NY,27.54,694.65,340.3944,354.2556
10000902,28-01-18,Yellow Cab,NEW YORK NY,41.44,1300.43,542.0352,758.3948
10000903,29-01-18,Yellow Cab,NEW YORK NY,36.89,991.17,442.68,548.49
10000904,30-01-18,Yellow Cab,NEW YORK NY,8.12,224.85,103.2864,121.5636
10000905,31-01-18,Yellow Cab,NEW YORK NY,37.1,1068.02,534.24,533.78
10000906,01-02-18,Yellow Cab,NEW YORK NY,19.57,552.86,248.9304,303.9296
10000907,02-02-18,Yellow Cab,NEW YORK NY,6,169.44,77.04,92.4
10000908,03-02-18,Yellow Cab,NEW YORK NY,20.6,542.19,247.2,294.99
10000909,04-02-18,Yellow Cab,NEW YORK NY,24.61,701.71,339.618,362.092
10000910,05-02-18,Yellow Cab,NEW YORK NY,26.4,702.09,319.968,382.122
10000911,06-02-18,Yellow Cab,NEW YORK NY,16.15,416.21,230.622,185.588
10000912,07-02-18,Yellow Cab,NEW YORK NY,13.86,407.2,174.636,232.564
10000913,08-02-18,Yellow Cab,NEW YORK NY,19.38,520.71,262.7928,257.9172
10000914,09-02-18,Yellow Cab,NEW YORK NY,40.28,1203.74,541.3632,662.3768
10000915,10-02-18,Yellow Cab,NEW YORK NY,3.51,102.01,49.7016,52.3084
10000916,11-02-18,Yellow Cab,NEW YORK NY,18.36,453.03,257.7744,195.2556
10000917,12-02-18,Yellow Cab,NEW YORK NY,10.7,264.02,154.08,109.94
10000918,13-02-18,Yellow Cab,NEW YORK NY,28.62,952.43,367.4808,584.9492
10000919,14-02-18,Yellow Cab,NEW YORK NY,35.7,1019.49,436.968,582.522
10000920,15-02-18,Yellow Cab,NEW YORK NY,38.22,953.56,486.1584,467.4016
10000921,16-02-18,Yellow Cab,NEW YORK NY,35.7,929.84,488.376,441.464
10000922,17-02-18,Yellow Cab,NEW YORK NY,13.86,387.6,197.9208,189.6792
10000923,18-02-18,Yellow Cab,NEW YORK NY,6.96,183.19,97.7184,85.4716
10000924,19-02-18,Yellow Cab,NEW YORK NY,13.32,332.32,187.0128,145.3072
10000925,20-02-18,Yellow Cab,NEW YORK NY,5.3,132.23,75.048,57.182
10000926,21-02-18,Yellow Cab,NEW YORK NY,39.78,1101.54,501.228,600.312
10000927,22-02-18,Yellow Cab,NEW YORK NY,34.56,1121.11,485.2224,635.8876
10000928,23-02-18,Yellow Cab,NEW YORK NY,28.8,726.43,390.528,335.902
10000929,24-02-18,Yellow Cab,NEW YORK NY,37.24,1065.31,536.256,529.054
10000930,25-02-18,Yellow Cab,NEW YORK NY,37.76,942.08,512.0256,430.0544
10000931,26-02-18,Yellow Cab,NEW YORK NY,8.64,254.29,105.7536,148.5364
10000932,27-02-18,Yellow Cab,NEW YORK NY,39.2,1149.97,470.4,679.57
10000933,28-02-18,Yellow Cab,NEW YORK NY,17.25,472.94,215.28,257.66
10000934,01-03-18,Yellow Cab,NEW YORK NY,15.15,423.67,187.254,236.416
10000935,02-03-18,Yellow Cab,NEW YORK NY,24.24,624.71,346.1472,278.5628
10000936,03-03-18,Yellow Cab,NEW YORK NY,4.56,136.27,61.2864,74.9836
10000937,04-03-18,Yellow Cab,NEW YORK NY,17.1,535.59,233.928,301.662
10000938,05-03-18,Yellow Cab,NEW YORK NY,16.83,475.27,242.352,232.918
10000939,06-03-18,Yellow Cab,NEW YORK NY,41.07,1275.54,591.408,684.132
10000940,07-03-18,Yellow Cab,NEW YORK NY,14.4,420.7,205.632,215.068
10000941,08-03-18,Yellow Cab,NEW YORK NY,36.48,1100.18,485.9136,614.2664
10000942,09-03-18,Yellow Cab,NEW YORK NY,19.62,586.33,280.1736,306.1564
10000943,10-03-18,Yellow Cab,NEW YORK NY,3.24,106.45,44.712,61.738
10000944,11-03-18,Yellow Cab,NEW YORK NY,26.18,750.07,364.4256,385.6444
10000945,12-03-18,Yellow Cab,NEW YORK NY,24.24,638,305.424,332.576
10000946,13-03-18,Yellow Cab,NEW YORK NY,14.85,374.57,203.148,171.422
10000947,14-03-18,Yellow Cab,NEW YORK NY,28.62,729.74,353.7432,375.9968
10000948,15-03-18,Yellow Cab,NEW YORK NY,41.76,1087.67,501.12,586.55
10000949,16-03-18,Yellow Cab,NEW YORK NY,31.9,1124.03,459.36,664.67
10000950,17-03-18,Yellow Cab,NEW YORK NY,34.8,915.94,438.48,477.46
10000951,18-03-18,Yellow Cab,NEW YORK NY,32.7,981.52,443.412,538.108
10000952,19-03-18,Yellow Cab,NEW YORK NY,29.29,811.07,358.5096,452.5604
10000953,20-03-18,Yellow Cab,NEW YORK NY,2.32,58.52,30.0672,28.4528
10000954,21-03-18,Yellow Cab,NEW YORK NY,7.14,197.71,92.5344,105.1756
10000955,22-03-18,Yellow Cab,NEW YORK NY,10.1,271.37,132.108,139.262
10000956,23-03-18,Yellow Cab,NEW YORK NY,41.65,1130.49,509.796,620.694
10000957,24-03-18,Yellow Cab,NEW YORK NY,31.64,990.99,444.2256,546.7644
10000958,25-03-18,Yellow Cab,NEW YORK NY,22.66,767.88,304.5504,463.3296
10000959,26-03-18,Yellow Cab,NEW YORK NY,20.6,609.97,254.616,355.354
10000960,27-03-18,Yellow Cab,NEW YORK NY,5.85,188.49,83.538,104.952
10000961,28-03-18,Yellow Cab,NEW YORK NY,19.04,634.46,253.6128,380.8472
10000962,29-03-18,Yellow Cab,NEW YORK NY,7.49,223.91,98.868,125.042
10000963,30-03-18,Yellow Cab,NEW YORK NY,2.3,63.06,33.12,29.94
10000964,31-03-18,Yellow Cab,NEW YORK NY,36.75,1088.17,480.69,607.48
10000965,01-04-18,Yellow Cab,NEW YORK NY,1.9,48.97,25.08,23.89
10000966,02-04-18,Yellow Cab,NEW YORK NY,39.78,1176.58,558.5112,618.0688
10000967,03-04-18,Yellow Cab,NEW YORK NY,29.4,797.99,370.44,427.55
10000968,04-04-18,Yellow Cab,NEW YORK NY,30.16,901.31,412.5888,488.7212
10000969,05-04-18,Yellow Cab,NEW YORK NY,34.98,1064.53,482.724,581.806
10000970,06-04-18,Yellow Cab,NEW YORK NY,23,630.58,306.36,324.22
10000971,07-04-18,Yellow Cab,NEW YORK NY,39.14,1180.4,488.4672,691.9328
10000972,08-04-18,Yellow Cab,NEW YORK NY,33.9,929.43,439.344,490.086
10000973,09-04-18,Yellow Cab,NEW YORK NY,36.86,980.26,495.3984,484.8616
10000974,10-04-18,Yellow Cab,NEW YORK NY,32.1,853.67,396.756,456.914
10000975,11-04-18,Yellow Cab,NEW YORK NY,37.12,1238.35,507.8016,730.5484
10000976,12-04-18,Yellow Cab,NEW YORK NY,38.88,1211.78,517.8816,693.8984
10000977,13-04-18,Yellow Cab,NEW YORK NY,5.7,156.28,77.976,78.304
10000978,14-04-18,Yellow Cab,NEW YORK NY,7.14,197.71,94.248,103.462
10000979,15-04-18,Yellow Cab,NEW YORK NY,9.45,279.81,130.41,149.4
10000980,16-04-18,Yellow Cab,NEW YORK NY,39.55,1197.1,560.028,637.072
10000981,17-04-18,Yellow Cab,NEW YORK NY,2.34,74.73,29.7648,44.9652
10000982,18-04-18,Yellow Cab,NEW YORK NY,9.27,278.25,133.488,144.762
10000983,19-04-18,Yellow Cab,NEW YORK NY,26.4,815.72,361.152,454.568
10000984,20-04-18,Yellow Cab,NEW YORK NY,21,610.3,252,358.3
10000985,21-04-18,Yellow Cab,NEW YORK NY,39.96,1018.88,570.6288,448.2512
10000986,22-04-18,Yellow Cab,NEW YORK NY,25.68,774.47,369.792,404.678
10000987,23-04-18,Yellow Cab,NEW YORK NY,22.89,627.57,318.6288,308.9412
10000988,24-04-18,Yellow Cab,NEW YORK NY,32.19,847.24,444.222,403.018
10000989,25-04-18,Yellow Cab,NEW YORK NY,40.8,1118.6,514.08,604.52
10000990,26-04-18,Yellow Cab,NEW YORK NY,29.29,855.71,358.5096,497.2004
10000991,27-04-18,Yellow Cab,NEW YORK NY,30.07,849.15,378.882,470.268
10000992,28-04-18,Yellow Cab,NEW YORK NY,43.32,1140.18,603.0144,537.1656
10000993,29-04-18,Yellow Cab,NEW YORK NY,15.2,404.23,191.52,212.71
10000994,30-04-18,Yellow Cab,NEW YORK NY,11.22,326.07,153.4896,172.5804
10000995,01-05-18,Yellow Cab,NEW YORK NY,26.25,698.1,349.65,348.45
10000996,02-05-18,Yellow Cab,NEW YORK NY,21.24,617.27,259.9776,357.2924
10000997,03-05-18,Yellow Cab,NEW YORK NY,38,948.07,456,492.07
10000998,04-05-18,Yellow Cab,NEW YORK NY,5.55,156.73,76.59,80.14
10000999,05-05-18,Yellow Cab,NEW YORK NY,21.42,640.12,257.04,383.08
10001000,06-05-18,Yellow Cab,NEW YORK NY,35.89,993.82,495.282,498.538
10001001,07-05-18,Yellow Cab,NEW YORK NY,46.8,1391.91,595.296,796.614
10001002,08-05-18,Yellow Cab,ORANGE COUNTY,36.96,876.81,510.048,366.762
10001003,09-05-18,Yellow Cab,ORANGE COUNTY,22.23,707.68,280.098,427.582
10001004,10-05-18,Yellow Cab,ORANGE COUNTY,11.2,302.45,135.744,166.706
10001005,11-05-18,Yellow Cab,ORANGE COUNTY,3.27,90.78,43.5564,47.2236
10001006,12-05-18,Yellow Cab,ORANGE COUNTY,10.78,272.06,130.6536,141.4064
10001007,13-05-18,Yellow Cab,ORANGE COUNTY,8.64,198.43,118.1952,80.2348
10001008,14-05-18,Yellow Cab,PHOENIX AZ,14.04,361.75,181.9584,179.7916
10001009,15-05-18,Yellow Cab,PHOENIX AZ,30,1000.52,403.2,597.32
10001010,16-05-18,Yellow Cab,PHOENIX AZ,12.84,351.51,161.784,189.726
10001011,17-05-18,Yellow Cab,PHOENIX AZ,36.26,1002.4,469.9296,532.4704
10001012,18-05-18,Yellow Cab,PITTSBURGH PA,3.09,95.53,40.788,54.742
10001013,19-05-18,Yellow Cab,PITTSBURGH PA,31.2,1134.12,404.352,729.768
10001014,20-05-18,Yellow Cab,SACRAMENTO CA,38,1065.42,547.2,518.22
10001015,21-05-18,Yellow Cab,SACRAMENTO CA,5,131.02,68.4,62.62
10001016,22-05-18,Yellow Cab,SACRAMENTO CA,23.69,513.53,298.494,215.036
10001017,23-05-18,Yellow Cab,SACRAMENTO CA,34.51,756.3,451.3908,304.9092
10001018,24-05-18,Yellow Cab,SAN DIEGO CA,46.8,1194.71,662.688,532.022
10001019,25-05-18,Yellow Cab,SAN DIEGO CA,20.37,570.22,290.8836,279.3364
10001020,26-05-18,Yellow Cab,SAN DIEGO CA,24.72,661.1,326.304,334.796
10001021,27-05-18,Yellow Cab,SAN DIEGO CA,41.04,977.82,512.1792,465.6408
10001022,28-05-18,Yellow Cab,SAN DIEGO CA,30.51,726.93,391.7484,335.1816
10001023,29-05-18,Yellow Cab,SAN DIEGO CA,13.56,309.89,180.6192,129.2708
10001024,30-05-18,Yellow Cab,SAN DIEGO CA,40.6,947.6,579.768,367.832
10001025,31-05-18,Yellow Cab,SAN DIEGO CA,39.9,1019.44,497.952,521.488
10001026,01-06-18,Yellow Cab,SAN DIEGO CA,41.04,997.78,522.0288,475.7512
10001027,02-06-18,Yellow Cab,SAN DIEGO CA,28.42,704.77,395.6064,309.1636
10001028,03-06-18,Yellow Cab,SAN DIEGO CA,32.86,867.93,461.3544,406.5756
10001029,04-06-18,Yellow Cab,SAN DIEGO CA,11,340.52,146.52,194
10001030,05-06-18,Yellow Cab,SAN DIEGO CA,3.96,104.94,52.272,52.668
10001031,06-06-18,Yellow Cab,SAN DIEGO CA,22.23,545.87,314.7768,231.0932
10001032,07-06-18,Yellow Cab,SAN DIEGO CA,18.62,497.96,234.612,263.348
10001033,08-06-18,Yellow Cab,SAN DIEGO CA,10.2,265.34,145.656,119.684
10001034,09-06-18,Yellow Cab,SAN DIEGO CA,11.44,310.4,163.3632,147.0368
10001035,10-06-18,Yellow Cab,SAN DIEGO CA,2.4,57.18,29.664,27.516
10001036,11-06-18,Yellow Cab,SAN DIEGO CA,20.37,450.67,271.3284,179.3416
10001037,12-06-18,Yellow Cab,SAN DIEGO CA,14.42,333.05,176.5008,156.5492
10001038,13-06-18,Yellow Cab,SAN DIEGO CA,12.84,373.35,184.896,188.454
10001039,14-06-18,Yellow Cab,SAN DIEGO CA,30.45,792.13,427.518,364.612
10001040,15-06-18,Yellow Cab,SAN DIEGO CA,29,740.31,417.6,322.71
10001041,16-06-18,Yellow Cab,SAN DIEGO CA,26.73,623.87,330.3828,293.4872
10001042,17-06-18,Yellow Cab,SAN DIEGO CA,10.78,322.26,134.5344,187.7256
10001043,18-06-18,Yellow Cab,SAN DIEGO CA,15.4,386.5,206.976,179.524
10001044,19-06-18,Yellow Cab,SAN DIEGO CA,12.6,303.27,152.712,150.558
10001045,20-06-18,Yellow Cab,SAN DIEGO CA,38.48,916.83,544.8768,371.9532
10001046,21-06-18,Yellow Cab,SAN DIEGO CA,44.4,1338.75,564.768,773.982
10001047,22-06-18,Yellow Cab,SAN DIEGO CA,32.1,900.92,442.98,457.94
10001048,23-06-18,Yellow Cab,SAN DIEGO CA,3.42,88.97,45.144,43.826
10001049,24-06-18,Yellow Cab,SAN DIEGO CA,35,926.66,504,422.66
10001050,25-06-18,Yellow Cab,SAN DIEGO CA,30,736.66,399.6,337.06
10001051,26-06-18,Yellow Cab,SAN DIEGO CA,9.9,240.69,129.492,111.198
10001052,27-06-18,Yellow Cab,SAN DIEGO CA,33.32,793.88,439.824,354.056
10001053,28-06-18,Yellow Cab,SAN DIEGO CA,6.93,178.59,98.1288,80.4612
10001054,29-06-18,Yellow Cab,SAN DIEGO CA,20.52,508.87,270.864,238.006
10001055,30-06-18,Yellow Cab,SAN DIEGO CA,13.39,306.01,187.9956,118.0144
10001056,01-07-18,Yellow Cab,SAN DIEGO CA,33.48,813.97,449.9712,363.9988
10001057,02-07-18,Yellow Cab,SAN DIEGO CA,22.44,496.47,277.3584,219.1116
10001058,03-07-18,Yellow Cab,SAN DIEGO CA,44.07,975.01,624.0312,350.9788
10001218,04-07-18,Yellow Cab,SEATTLE WA,20.71,518.2,285.798,232.402
10001219,05-07-18,Yellow Cab,SEATTLE WA,29.9,871.63,419.796,451.834
10001220,06-07-18,Yellow Cab,SEATTLE WA,26.22,867.74,368.1288,499.6112
10001221,07-07-18,Yellow Cab,SEATTLE WA,7.14,226.62,100.2456,126.3744
10001222,08-07-18,Yellow Cab,SEATTLE WA,37.62,1013.72,496.584,517.136
10001223,09-07-18,Yellow Cab,SEATTLE WA,42,1344.24,564.48,779.76
10001224,10-07-18,Yellow Cab,SEATTLE WA,22.88,728.7,302.016,426.684
10001225,11-07-18,Yellow Cab,SEATTLE WA,29.58,982.84,418.8528,563.9872
10001226,12-07-18,Yellow Cab,SEATTLE WA,22.8,670.8,276.336,394.464
10001227,13-07-18,Yellow Cab,SEATTLE WA,21.24,631.33,267.624,363.706
10001228,14-07-18,Yellow Cab,SEATTLE WA,21.28,550.01,298.7712,251.2388
10001229,15-07-18,Yellow Cab,SEATTLE WA,31.92,851.35,409.8528,441.4972
10001230,16-07-18,Yellow Cab,SEATTLE WA,44.4,1330.71,543.456,787.254
10001231,17-07-18,Yellow Cab,SEATTLE WA,34.92,976.49,481.896,494.594
10001232,18-07-18,Yellow Cab,SEATTLE WA,16.24,540.27,210.4704,329.7996
10001233,19-07-18,Yellow Cab,SEATTLE WA,32.4,846.33,443.232,403.098
10001234,20-07-18,Yellow Cab,SEATTLE WA,39.6,1119.67,541.728,577.942
10001235,21-07-18,Yellow Cab,SEATTLE WA,41.04,1026.89,551.5776,475.3124
10001236,22-07-18,Yellow Cab,SEATTLE WA,15.6,398.92,222.768,176.152
10001237,23-07-18,Yellow Cab,SEATTLE WA,7.84,260.65,112.896,147.754
10001238,24-07-18,Yellow Cab,SEATTLE WA,37.24,1013.72,536.256,477.464
10001239,25-07-18,Yellow Cab,SEATTLE WA,28.08,845.29,360.5472,484.7428
10001240,26-07-18,Yellow Cab,SEATTLE WA,20.4,527.27,276.624,250.646
10001241,27-07-18,Yellow Cab,SEATTLE WA,2.34,70.13,29.7648,40.3652
10001242,28-07-18,Yellow Cab,SILICON VALLEY,18.02,658.65,240.0264,418.6236
10001243,29-07-18,Yellow Cab,SILICON VALLEY,4.08,131.58,57.7728,73.8072
10001244,30-07-18,Yellow Cab,SILICON VALLEY,28.08,754.67,404.352,350.318
10001245,31-07-18,Yellow Cab,SILICON VALLEY,4.2,130.44,57.96,72.48
10001246,01-08-18,Yellow Cab,SILICON VALLEY,39.24,1171.78,475.5888,696.1912
10001247,02-08-18,Yellow Cab,SILICON VALLEY,36.63,1181.35,501.0984,680.2516
10001248,03-08-18,Yellow Cab,SILICON VALLEY,12,387.01,156.96,230.05
10001249,04-08-18,Yellow Cab,SILICON VALLEY,32,1171.25,418.56,752.69
10001250,05-08-18,Yellow Cab,SILICON VALLEY,27.56,866.45,330.72,535.73
10001251,06-08-18,Yellow Cab,SILICON VALLEY,40.56,1332.31,569.4624,762.8476
10001252,07-08-18,Yellow Cab,SILICON VALLEY,4.76,130.77,67.4016,63.3684
10001253,08-08-18,Yellow Cab,SILICON VALLEY,13,364.91,182.52,182.39
10001254,09-08-18,Yellow Cab,SILICON VALLEY,42.12,1342.05,520.6032,821.4468
10001255,10-08-18,Yellow Cab,SILICON VALLEY,15.68,468.23,201.3312,266.8988
10001256,11-08-18,Yellow Cab,SILICON VALLEY,16.32,501.97,225.216,276.754
10001257,12-08-18,Yellow Cab,TUCSON AZ,38.88,1138.99,536.544,602.446
10001258,13-08-18,Yellow Cab,TUCSON AZ,7.91,231.72,94.92,136.8
10001259,14-08-18,Yellow Cab,TUCSON AZ,28.5,965.16,365.94,599.22
10001260,15-08-18,Yellow Cab,WASHINGTON DC,4.52,81.01,54.24,26.77
10001261,16-08-18,Yellow Cab,WASHINGTON DC,40.4,863.26,538.128,325.132
10001262,17-08-18,Yellow Cab,WASHINGTON DC,35.03,868.27,479.2104,389.0596
10001263,18-08-18,Yellow Cab,WASHINGTON DC,35.97,823.29,487.7532,335.5368
10001264,19-08-18,Yellow Cab,WASHINGTON DC,13.52,252.73,162.24,90.49
10001265,20-08-18,Yellow Cab,WASHINGTON DC,15.68,329.37,191.9232,137.4468
10001266,21-08-18,Yellow Cab,WASHINGTON DC,25.52,472.13,318.4896,153.6404
10001267,22-08-18,Yellow Cab,WASHINGTON DC,34.72,781.63,416.64,364.99
10001268,23-08-18,Yellow Cab,WASHINGTON DC,16.64,355.94,217.6512,138.2888
10001269,24-08-18,Yellow Cab,WASHINGTON DC,28.32,551.21,380.6208,170.5892
10001270,25-08-18,Yellow Cab,WASHINGTON DC,21.2,433.06,264.576,168.484
10001271,26-08-18,Yellow Cab,WASHINGTON DC,33.3,596.81,459.54,137.27
10001272,27-08-18,Yellow Cab,WASHINGTON DC,35.2,827.85,439.296,388.554
10001273,28-08-18,Yellow Cab,WASHINGTON DC,12.87,257.94,180.6948,77.2452
10001274,29-08-18,Yellow Cab,WASHINGTON DC,39.9,753.54,488.376,265.164
10001275,30-08-18,Yellow Cab,WASHINGTON DC,4.68,86.58,65.1456,21.4344
10001276,31-08-18,Yellow Cab,WASHINGTON DC,41.04,782.98,536.8032,246.1768
10001277,01-09-18,Yellow Cab,WASHINGTON DC,10.9,193.25,142.572,50.678
10001278,02-09-18,Yellow Cab,WASHINGTON DC,3.42,59.98,48.8376,11.1424
10001279,03-09-18,Yellow Cab,WASHINGTON DC,23.92,437.92,307.1328,130.7872
10001280,04-09-18,Yellow Cab,WASHINGTON DC,28.13,585.46,347.6868,237.7732
10001281,05-09-18,Yellow Cab,WASHINGTON DC,13.72,325.53,186.0432,139.4868
10001282,06-09-18,Yellow Cab,WASHINGTON DC,7.08,147.35,94.3056,53.0444
10001283,07-09-18,Yellow Cab,WASHINGTON DC,25.07,507.28,357.9996,149.2804
10001284,08-09-18,Yellow Cab,WASHINGTON DC,27.75,550.82,389.61,161.21
10001285,09-09-18,Yellow Cab,WASHINGTON DC,24.24,517.3,314.1504,203.1496
10001286,10-09-18,Yellow Cab,WASHINGTON DC,16.38,296.72,226.044,70.676
10001287,11-09-18,Yellow Cab,WASHINGTON DC,44,898.8,543.84,354.96
10001288,12-09-18,Yellow Cab,WASHINGTON DC,14.25,302.02,194.94,107.08
10001289,13-09-18,Yellow Cab,WASHINGTON DC,19.76,476.72,253.7184,223.0016
10001290,14-09-18,Yellow Cab,WASHINGTON DC,31.08,586.97,399.0672,187.9028
10001291,15-09-18,Yellow Cab,WASHINGTON DC,8.73,168.07,104.76,63.31
10001292,16-09-18,Yellow Cab,WASHINGTON DC,35.52,663.97,443.2896,220.6804
10001293,17-09-18,Yellow Cab,WASHINGTON DC,31.9,565.57,405.768,159.802
10001294,18-09-18,Yellow Cab,WASHINGTON DC,8.56,164.96,116.0736,48.8864
10001295,19-09-18,Yellow Cab,WASHINGTON DC,13.39,314.29,176.748,137.542
10001296,20-09-18,Yellow Cab,WASHINGTON DC,8.33,152.5,112.9548,39.5452
10001297,21-09-18,Yellow Cab,WASHINGTON DC,23,495.85,284.28,211.57
10001298,22-09-18,Yellow Cab,WASHINGTON DC,5.55,116.58,75.258,41.322
10001299,23-09-18,Yellow Cab,WASHINGTON DC,19.38,399.62,232.56,167.06
10001300,24-09-18,Yellow Cab,WASHINGTON DC,21.66,454.98,296.3088,158.6712
10001301,25-09-18,Yellow Cab,WASHINGTON DC,31.2,595.24,434.304,160.936
10001302,26-09-18,Yellow Cab,WASHINGTON DC,28.25,641.37,359.34,282.03
10001303,27-09-18,Yellow Cab,WASHINGTON DC,41.07,855.57,522.4104,333.1596
10001304,28-09-18,Yellow Cab,WASHINGTON DC,36.58,634.44,456.5184,177.9216
10001305,29-09-18,Yellow Cab,WASHINGTON DC,33.48,658.1,482.112,175.988
10001306,30-09-18,Yellow Cab,WASHINGTON DC,39,774.12,496.08,278.04
10001307,01-10-18,Yellow Cab,WASHINGTON DC,29.97,571.78,431.568,140.212
10001308,02-10-18,Yellow Cab,WASHINGTON DC,31.03,723.56,390.978,332.582
10001309,03-10-18,Yellow Cab,WASHINGTON DC,40.46,748.52,558.348,190.172
10001310,04-10-18,Yellow Cab,WASHINGTON DC,33.66,702.5,444.312,258.188
10001311,05-10-18,Yellow Cab,WASHINGTON DC,34.65,707.94,474.012,233.928
10001312,06-10-18,Yellow Cab,WASHINGTON DC,6.36,128.69,82.4256,46.2644
10001313,07-10-18,Yellow Cab,WASHINGTON DC,44.4,881.3,607.392,273.908
10001314,08-10-18,Yellow Cab,WASHINGTON DC,23.52,457.79,321.7536,136.0364
10001315,09-10-18,Yellow Cab,WASHINGTON DC,5.45,108.18,73.248,34.932
10001316,10-10-18,Yellow Cab,WASHINGTON DC,28.56,673.67,363.2832,310.3868
10001317,11-10-18,Yellow Cab,WASHINGTON DC,27.25,540.89,392.4,148.49
10001318,12-10-18,Yellow Cab,WASHINGTON DC,5.7,108.75,80.712,28.038
10001319,13-10-18,Yellow Cab,WASHINGTON DC,42.92,905.52,530.4912,375.0288
10001320,14-10-18,Yellow Cab,WASHINGTON DC,13.65,305.53,170.352,135.178
10001321,15-10-18,Yellow Cab,WASHINGTON DC,29.29,530.58,390.1428,140.4372
10001322,16-10-18,Yellow Cab,WASHINGTON DC,25.5,525.81,327.42,198.39
10001323,17-10-18,Yellow Cab,WASHINGTON DC,4.9,105.5,61.152,44.348
10001324,18-10-18,Yellow Cab,WASHINGTON DC,10.62,208.75,145.2816,63.4684
10001325,19-10-18,Yellow Cab,WASHINGTON DC,32.24,590.23,460.3872,129.8428
10001326,20-10-18,Yellow Cab,WASHINGTON DC,20.16,361.31,266.112,95.198
10001327,21-10-18,Yellow Cab,WASHINGTON DC,11.3,213.41,145.092,68.318
10001328,22-10-18,Yellow Cab,WASHINGTON DC,19.38,439.58,272.0952,167.4848
10001329,23-10-18,Yellow Cab,WASHINGTON DC,35,687.98,445.2,242.78
10001330,24-10-18,Yellow Cab,WASHINGTON DC,11.11,226.95,142.6524,84.2976
10001331,25-10-18,Yellow Cab,WASHINGTON DC,15,277.5,210.6,66.9
10001332,26-10-18,Yellow Cab,WASHINGTON DC,25.76,526.21,361.6704,164.5396
10001333,27-10-18,Yellow Cab,WASHINGTON DC,9.12,161.69,128.0448,33.6452
10001334,28-10-18,Yellow Cab,WASHINGTON DC,8.26,168.73,114.9792,53.7508
10001335,29-10-18,Yellow Cab,WASHINGTON DC,3.39,68.6,45.1548,23.4452
10001336,30-10-18,Yellow Cab,WASHINGTON DC,11.11,233.91,141.3192,92.5908
10001337,31-10-18,Yellow Cab,WASHINGTON DC,20.33,451.1,292.752,158.348
10001338,01-11-18,Yellow Cab,WASHINGTON DC,18.24,390.7,240.768,149.932
10001339,02-11-18,Yellow Cab,WASHINGTON DC,27.25,535.64,376.05,159.59
10001340,03-11-18,Yellow Cab,WASHINGTON DC,10.2,202.54,135.864,66.676
10001341,04-11-18,Yellow Cab,WASHINGTON DC,40,701.47,542.4,159.07
10001342,05-11-18,Yellow Cab,WASHINGTON DC,21.06,393.67,270.4104,123.2596
10001343,06-11-18,Yellow Cab,WASHINGTON DC,3.45,69.81,43.47,26.34
10001344,07-11-18,Yellow Cab,WASHINGTON DC,28,539.59,362.88,176.71
10001345,08-11-18,Yellow Cab,WASHINGTON DC,8.4,197.33,104.832,92.498
10001346,09-11-18,Yellow Cab,WASHINGTON DC,17.46,309.55,222.0912,87.4588
10001347,10-11-18,Yellow Cab,WASHINGTON DC,27.12,580.9,344.9664,235.9336
10001348,11-11-18,Yellow Cab,WASHINGTON DC,33.66,609.74,432.1944,177.5456
10001349,12-11-18,Yellow Cab,WASHINGTON DC,34.98,707.81,432.3528,275.4572
10001350,13-11-18,Yellow Cab,WASHINGTON DC,18.18,381.88,231.2496,150.6304
10001351,14-11-18,Yellow Cab,WASHINGTON DC,9.04,188.15,114.9888,73.1612
10001352,15-11-18,Yellow Cab,WASHINGTON DC,44.8,906.51,580.608,325.902
10001353,16-11-18,Yellow Cab,WASHINGTON DC,5.35,103.1,75.114,27.986
10001354,17-11-18,Yellow Cab,WASHINGTON DC,39.9,707.4,502.74,204.66
10001355,18-11-18,Yellow Cab,WASHINGTON DC,7.84,175.86,104.4288,71.4312
10001356,19-11-18,Yellow Cab,WASHINGTON DC,4.95,95.39,68.31,27.08
10001357,20-11-18,Yellow Cab,WASHINGTON DC,11.52,228.66,143.7696,84.8904
10001358,21-11-18,Yellow Cab,WASHINGTON DC,33,745.07,463.32,281.75
10001359,22-11-18,Yellow Cab,WASHINGTON DC,32.98,700.39,423.4632,276.9268
10001360,23-11-18,Yellow Cab,WASHINGTON DC,4.32,78.26,61.6896,16.5704
10001361,24-11-18,Yellow Cab,WASHINGTON DC,22.8,439.38,273.6,165.78
10001362,25-11-18,Yellow Cab,WASHINGTON DC,19.8,400.65,268.488,132.162
10001363,26-11-18,Yellow Cab,WASHINGTON DC,30.4,597.56,437.76,159.8
10001364,27-11-18,Yellow Cab,WASHINGTON DC,17.76,325.14,221.6448,103.4952
10001365,28-11-18,Yellow Cab,WASHINGTON DC,21.42,400.4,300.7368,99.6632
10001366,29-11-18,Yellow Cab,WASHINGTON DC,34.88,737.78,418.56,319.22
10001367,30-11-18,Yellow Cab,WASHINGTON DC,5.7,118.63,77.976,40.654
10001368,01-12-18,Yellow Cab,WASHINGTON DC,9.52,172.45,137.088,35.362
10001369,02-12-18,Yellow Cab,WASHINGTON DC,17.1,349.31,223.668,125.642
10001370,03-12-18,Yellow Cab,WASHINGTON DC,39.96,946.88,551.448,395.432
10001371,04-12-18,Yellow Cab,WASHINGTON DC,12.96,239.76,186.624,53.136
10001372,05-12-18,Yellow Cab,WASHINGTON DC,39.78,735.94,539.4168,196.5232
10001373,06-12-18,Yellow Cab,WASHINGTON DC,18.08,392.04,216.96,175.08
10001374,07-12-18,Yellow Cab,WASHINGTON DC,22.26,471.87,320.544,151.326
10001375,08-12-18,Yellow Cab,WASHINGTON DC,29.7,620.89,402.732,218.158
10001376,09-12-18,Yellow Cab,WASHINGTON DC,28,534.19,349.44,184.75
10001377,10-12-18,Yellow Cab,WASHINGTON DC,4.4,87.34,58.08,29.26
10001378,11-12-18,Yellow Cab,WASHINGTON DC,5.25,115.74,69.93,45.81
10001379,12-12-18,Yellow Cab,WASHINGTON DC,39.55,708.82,517.314,191.506
10001380,13-12-18,Yellow Cab,WASHINGTON DC,31.92,578.22,413.6832,164.5368
10001381,14-12-18,Yellow Cab,WASHINGTON DC,14.7,280.45,179.928,100.522
10001382,15-12-18,Yellow Cab,WASHINGTON DC,26.19,581.12,348.8508,232.2692
10001383,16-12-18,Yellow Cab,WASHINGTON DC,17.55,355.12,252.72,102.4
10001384,17-12-18,Yellow Cab,WASHINGTON DC,39.44,714.45,520.608,193.842
10001385,18-12-18,Yellow Cab,WASHINGTON DC,6,120.25,79.92,40.33
10001386,19-12-18,Yellow Cab,WASHINGTON DC,30.4,568.27,423.168,145.102
10001387,20-12-18,Yellow Cab,WASHINGTON DC,3.57,76.08,51.408,24.672
10001388,21-12-18,Pink Cab,ATLANTA GA,41.44,511.74,472.416,39.324
10001389,22-12-18,Pink Cab,ATLANTA GA,26.6,355.93,305.9,50.03
10001390,23-12-18,Pink Cab,ATLANTA GA,9.8,136.88,109.76,27.12
10001391,24-12-18,Pink Cab,ATLANTA GA,15.82,195.36,164.528,30.832
10001392,25-12-18,Pink Cab,ATLANTA GA,35.28,544.11,352.8,191.31
10001393,26-12-18,Pink Cab,ATLANTA GA,19,225.34,190,35.34
10001394,27-12-18,Pink Cab,ATLANTA GA,21.63,238.02,222.789,15.231
10001395,28-12-18,Pink Cab,ATLANTA GA,8.12,96.3,82.012,14.288
10001396,29-12-18,Pink Cab,AUSTIN TX,3.88,73.21,40.352,32.858
10001397,30-12-18,Pink Cab,AUSTIN TX,31.92,573.32,363.888,209.432
10001398,31-12-18,Pink Cab,BOSTON MA,4.76,43.07,55.216,-12.146
